line_no	name	outcome	classification	disposition	documentation_url	observed_reason	command	status_source	classification_source
34	arch_prctl01	TCONF	feature_or_policy_limit	inspect_feature_support	https://docs.kernel.org/arch/riscv/index.html	tst_test.c:1417: TCONF: This arch 'unknown' is not supported for test!	arch_prctl01 arch_prctl01	results/20260824T013104Z-firemarshal-qemu-br-crun-ltp-0/nacc-ltp-crun-cumulative-results.tsv	results/20260824T013104Z-firemarshal-qemu-br-crun-ltp-0/nacc-ltp-crun-cumulative-environment.tsv
63	cacheflush01	TCONF	feature_or_policy_limit	inspect_feature_support	https://docs.kernel.org/arch/riscv/index.html	tst_test.c:1414: TCONF: system doesn't support cacheflush()	cacheflush01 cacheflush01	results/20260824T013104Z-firemarshal-qemu-br-crun-ltp-0/nacc-ltp-crun-cumulative-results.tsv	results/20260824T013104Z-firemarshal-qemu-br-crun-ltp-0/nacc-ltp-crun-cumulative-environment.tsv
83	chown01_16	TCONF	architecture_limit	record_platform_limit	https://docs.kernel.org/arch/riscv/index.html	${NACC_ROOT}/chipyard/software/firemarshal/boards/default/distros/br/buildroot/output/build/ltp-testsuite-custom/testcases/kernel/syscalls/chown/../utils/compat_tst_16.h:153: TCONF: 16-bit version of chown() is not supported on your platform	chown01_16 chown01_16	results/20260824T013104Z-firemarshal-qemu-br-crun-ltp-0/nacc-ltp-crun-cumulative-results.tsv	results/20260824T013104Z-firemarshal-qemu-br-crun-ltp-0/nacc-ltp-crun-cumulative-environment.tsv
85	chown02_16	TCONF	architecture_limit	record_platform_limit	https://docs.kernel.org/arch/riscv/index.html	${NACC_ROOT}/chipyard/software/firemarshal/boards/default/distros/br/buildroot/output/build/ltp-testsuite-custom/testcases/kernel/syscalls/chown/../utils/compat_tst_16.h:153: TCONF: 16-bit version of chown() is not supported on your platform	chown02_16 chown02_16	results/20260824T013104Z-firemarshal-qemu-br-crun-ltp-0/nacc-ltp-crun-cumulative-results.tsv	results/20260824T013104Z-firemarshal-qemu-br-crun-ltp-0/nacc-ltp-crun-cumulative-environment.tsv
87	chown03_16	TCONF	architecture_limit	record_platform_limit	https://docs.kernel.org/arch/riscv/index.html	${NACC_ROOT}/chipyard/software/firemarshal/boards/default/distros/br/buildroot/output/build/ltp-testsuite-custom/testcases/kernel/syscalls/chown/../utils/compat_tst_16.h:153: TCONF: 16-bit version of chown() is not supported on your platform	chown03_16 chown03_16	results/20260824T013104Z-firemarshal-qemu-br-crun-ltp-0/nacc-ltp-crun-cumulative-results.tsv	results/20260824T013104Z-firemarshal-qemu-br-crun-ltp-0/nacc-ltp-crun-cumulative-environment.tsv
89	chown04_16	TCONF	architecture_limit	record_platform_limit	https://docs.kernel.org/arch/riscv/index.html	${NACC_ROOT}/chipyard/software/firemarshal/boards/default/distros/br/buildroot/output/build/ltp-testsuite-custom/testcases/kernel/syscalls/chown/../utils/compat_tst_16.h:153: TCONF: 16-bit version of chown() is not supported on your platform	chown04_16 chown04_16	results/20260824T013104Z-firemarshal-qemu-br-crun-ltp-0/nacc-ltp-crun-cumulative-results.tsv	results/20260824T013104Z-firemarshal-qemu-br-crun-ltp-0/nacc-ltp-crun-cumulative-environment.tsv
91	chown05_16	TCONF	architecture_limit	record_platform_limit	https://docs.kernel.org/arch/riscv/index.html	${NACC_ROOT}/chipyard/software/firemarshal/boards/default/distros/br/buildroot/output/build/ltp-testsuite-custom/testcases/kernel/syscalls/chown/../utils/compat_tst_16.h:153: TCONF: 16-bit version of chown() is not supported on your platform	chown05_16 chown05_16	results/20260824T013104Z-firemarshal-qemu-br-crun-ltp-0/nacc-ltp-crun-cumulative-results.tsv	results/20260824T013104Z-firemarshal-qemu-br-crun-ltp-0/nacc-ltp-crun-cumulative-environment.tsv
127	clone10	TCONF	feature_or_policy_limit	inspect_feature_support	https://docs.kernel.org/arch/riscv/index.html	tst_test.c:1417: TCONF: This arch 'unknown' is not supported for test!	clone10 clone10	results/20260824T013104Z-firemarshal-qemu-br-crun-ltp-0/nacc-ltp-crun-cumulative-results.tsv	results/20260824T013104Z-firemarshal-qemu-br-crun-ltp-0/nacc-ltp-crun-cumulative-environment.tsv
253	file_attr01	TCONF	architecture_limit	record_platform_limit	https://docs.kernel.org/arch/riscv/index.html	../../../../include/lapi/fs.h:134: TCONF: syscall(-1) __NR_file_setattr not supported on your arch	file_attr01 file_attr01	results/20260824T013104Z-firemarshal-qemu-br-crun-ltp-0/nacc-ltp-crun-cumulative-results.tsv	results/20260824T013104Z-firemarshal-qemu-br-crun-ltp-0/nacc-ltp-crun-cumulative-environment.tsv
254	file_attr02	TCONF	architecture_limit	record_platform_limit	https://docs.kernel.org/arch/riscv/index.html	../../../../include/lapi/fs.h:124: TCONF: syscall(-1) __NR_file_getattr not supported on your arch	file_attr02 file_attr02	results/20260824T013104Z-firemarshal-qemu-br-crun-ltp-0/nacc-ltp-crun-cumulative-results.tsv	results/20260824T013104Z-firemarshal-qemu-br-crun-ltp-0/nacc-ltp-crun-cumulative-environment.tsv
255	file_attr03	TCONF	architecture_limit	record_platform_limit	https://docs.kernel.org/arch/riscv/index.html	../../../../include/lapi/fs.h:134: TCONF: syscall(-1) __NR_file_setattr not supported on your arch	file_attr03 file_attr03	results/20260824T013104Z-firemarshal-qemu-br-crun-ltp-0/nacc-ltp-crun-cumulative-results.tsv	results/20260824T013104Z-firemarshal-qemu-br-crun-ltp-0/nacc-ltp-crun-cumulative-environment.tsv
256	file_attr04	TCONF	architecture_limit	record_platform_limit	https://docs.kernel.org/arch/riscv/index.html	../../../../include/lapi/fs.h:134: TCONF: syscall(-1) __NR_file_setattr not supported on your arch	file_attr04 file_attr04	results/20260824T013104Z-firemarshal-qemu-br-crun-ltp-0/nacc-ltp-crun-cumulative-results.tsv	results/20260824T013104Z-firemarshal-qemu-br-crun-ltp-0/nacc-ltp-crun-cumulative-environment.tsv
257	file_attr05	TCONF	architecture_limit	record_platform_limit	https://docs.kernel.org/arch/riscv/index.html	../../../../include/lapi/fs.h:134: TCONF: syscall(-1) __NR_file_setattr not supported on your arch	file_attr05 file_attr05	results/20260824T013104Z-firemarshal-qemu-br-crun-ltp-0/nacc-ltp-crun-cumulative-results.tsv	results/20260824T013104Z-firemarshal-qemu-br-crun-ltp-0/nacc-ltp-crun-cumulative-environment.tsv
288	fchown01_16	TCONF	architecture_limit	record_platform_limit	https://docs.kernel.org/arch/riscv/index.html	${NACC_ROOT}/chipyard/software/firemarshal/boards/default/distros/br/buildroot/output/build/ltp-testsuite-custom/testcases/kernel/syscalls/fchown/../utils/compat_tst_16.h:143: TCONF: 16-bit version of fchown() is not supported on your platform	fchown01_16 fchown01_16	results/20260824T013104Z-firemarshal-qemu-br-crun-ltp-0/nacc-ltp-crun-cumulative-results.tsv	results/20260824T013104Z-firemarshal-qemu-br-crun-ltp-0/nacc-ltp-crun-cumulative-environment.tsv
290	fchown02_16	TCONF	architecture_limit	record_platform_limit	https://docs.kernel.org/arch/riscv/index.html	${NACC_ROOT}/chipyard/software/firemarshal/boards/default/distros/br/buildroot/output/build/ltp-testsuite-custom/testcases/kernel/syscalls/fchown/../utils/compat_tst_16.h:143: TCONF: 16-bit version of fchown() is not supported on your platform	fchown02_16 fchown02_16	results/20260824T013104Z-firemarshal-qemu-br-crun-ltp-0/nacc-ltp-crun-cumulative-results.tsv	results/20260824T013104Z-firemarshal-qemu-br-crun-ltp-0/nacc-ltp-crun-cumulative-environment.tsv
292	fchown03_16	TCONF	architecture_limit	record_platform_limit	https://docs.kernel.org/arch/riscv/index.html	${NACC_ROOT}/chipyard/software/firemarshal/boards/default/distros/br/buildroot/output/build/ltp-testsuite-custom/testcases/kernel/syscalls/fchown/../utils/compat_tst_16.h:143: TCONF: 16-bit version of fchown() is not supported on your platform	fchown03_16 fchown03_16	results/20260824T013104Z-firemarshal-qemu-br-crun-ltp-0/nacc-ltp-crun-cumulative-results.tsv	results/20260824T013104Z-firemarshal-qemu-br-crun-ltp-0/nacc-ltp-crun-cumulative-environment.tsv
294	fchown04_16	TCONF	architecture_limit	record_platform_limit	https://docs.kernel.org/arch/riscv/index.html	${NACC_ROOT}/chipyard/software/firemarshal/boards/default/distros/br/buildroot/output/build/ltp-testsuite-custom/testcases/kernel/syscalls/fchown/../utils/compat_tst_16.h:143: TCONF: 16-bit version of fchown() is not supported on your platform	fchown04_16 fchown04_16	results/20260824T013104Z-firemarshal-qemu-br-crun-ltp-0/nacc-ltp-crun-cumulative-results.tsv	results/20260824T013104Z-firemarshal-qemu-br-crun-ltp-0/nacc-ltp-crun-cumulative-environment.tsv
296	fchown05_16	TCONF	architecture_limit	record_platform_limit	https://docs.kernel.org/arch/riscv/index.html	${NACC_ROOT}/chipyard/software/firemarshal/boards/default/distros/br/buildroot/output/build/ltp-testsuite-custom/testcases/kernel/syscalls/fchown/../utils/compat_tst_16.h:143: TCONF: 16-bit version of fchown() is not supported on your platform	fchown05_16 fchown05_16	results/20260824T013104Z-firemarshal-qemu-br-crun-ltp-0/nacc-ltp-crun-cumulative-results.tsv	results/20260824T013104Z-firemarshal-qemu-br-crun-ltp-0/nacc-ltp-crun-cumulative-environment.tsv
377	fcntl40	TCONF	kernel_version_limit	record_platform_limit	https://docs.kernel.org/	tst_test.c:1080: TCONF: The test requires kernel 6.12 or newer	fcntl40 fcntl40	results/20260824T013104Z-firemarshal-qemu-br-crun-ltp-0/nacc-ltp-crun-cumulative-results.tsv	results/20260824T013104Z-firemarshal-qemu-br-crun-ltp-0/nacc-ltp-crun-cumulative-environment.tsv
378	fcntl40_64	TCONF	kernel_version_limit	record_platform_limit	https://docs.kernel.org/	tst_test.c:1080: TCONF: The test requires kernel 6.12 or newer	fcntl40_64 fcntl40_64	results/20260824T013104Z-firemarshal-qemu-br-crun-ltp-0/nacc-ltp-crun-cumulative-results.tsv	results/20260824T013104Z-firemarshal-qemu-br-crun-ltp-0/nacc-ltp-crun-cumulative-environment.tsv
407	fork05	TCONF	architecture_limit	record_platform_limit	https://docs.kernel.org/arch/riscv/index.html	tst_test.c:1414: TCONF: Test only supports Intel 32 bits	fork05 fork05	results/20260824T013104Z-firemarshal-qemu-br-crun-ltp-0/nacc-ltp-crun-cumulative-results.tsv	results/20260824T013104Z-firemarshal-qemu-br-crun-ltp-0/nacc-ltp-crun-cumulative-environment.tsv
457	ftruncate04	TCONF	kernel_config_or_policy	inspect_kernel_or_guest_setup	https://docs.kernel.org/kbuild/kconfig.html	tst_test.c:1453: TCONF: Aborting due to unsuitable kernel config, see above!	ftruncate04 ftruncate04	results/20260824T013104Z-firemarshal-qemu-br-crun-ltp-0/nacc-ltp-crun-cumulative-results.tsv	results/20260824T013104Z-firemarshal-qemu-br-crun-ltp-0/nacc-ltp-crun-cumulative-environment.tsv
458	ftruncate04_64	TCONF	kernel_config_or_policy	inspect_kernel_or_guest_setup	https://docs.kernel.org/kbuild/kconfig.html	tst_test.c:1453: TCONF: Aborting due to unsuitable kernel config, see above!	ftruncate04_64 ftruncate04_64	results/20260824T013104Z-firemarshal-qemu-br-crun-ltp-0/nacc-ltp-crun-cumulative-results.tsv	results/20260824T013104Z-firemarshal-qemu-br-crun-ltp-0/nacc-ltp-crun-cumulative-environment.tsv
461	futimesat01	TCONF	architecture_limit	record_platform_limit	https://docs.kernel.org/arch/riscv/index.html	futimesat01 1 TCONF : futimesat01.c:61: syscall(-1) __NR_futimesat not supported on your arch	futimesat01 futimesat01	results/20260824T013104Z-firemarshal-qemu-br-crun-ltp-0/nacc-ltp-crun-cumulative-results.tsv	results/20260824T013104Z-firemarshal-qemu-br-crun-ltp-0/nacc-ltp-crun-cumulative-environment.tsv
471	getcwd04	TCONF	topology_limit	record_platform_limit	https://docs.kernel.org/mm/numa.html	tst_test.c:1492: TCONF: Test needs at least 2 CPUs online	getcwd04 getcwd04	results/20260824T013104Z-firemarshal-qemu-br-crun-ltp-0/nacc-ltp-crun-cumulative-results.tsv	results/20260824T013104Z-firemarshal-qemu-br-crun-ltp-0/nacc-ltp-crun-cumulative-environment.tsv
484	geteuid01_16	TCONF	architecture_limit	record_platform_limit	https://docs.kernel.org/arch/riscv/index.html	${NACC_ROOT}/chipyard/software/firemarshal/boards/default/distros/br/buildroot/output/build/ltp-testsuite-custom/testcases/kernel/syscalls/geteuid/../utils/compat_tst_16.h:104: TCONF: 16-bit version of geteuid() is not supported on your platform	geteuid01_16 geteuid01_16	results/20260824T013104Z-firemarshal-qemu-br-crun-ltp-0/nacc-ltp-crun-cumulative-results.tsv	results/20260824T013104Z-firemarshal-qemu-br-crun-ltp-0/nacc-ltp-crun-cumulative-environment.tsv
486	geteuid02_16	TCONF	architecture_limit	record_platform_limit	https://docs.kernel.org/arch/riscv/index.html	${NACC_ROOT}/chipyard/software/firemarshal/boards/default/distros/br/buildroot/output/build/ltp-testsuite-custom/testcases/kernel/syscalls/geteuid/../utils/compat_tst_16.h:104: TCONF: 16-bit version of geteuid() is not supported on your platform	geteuid02_16 geteuid02_16	results/20260824T013104Z-firemarshal-qemu-br-crun-ltp-0/nacc-ltp-crun-cumulative-results.tsv	results/20260824T013104Z-firemarshal-qemu-br-crun-ltp-0/nacc-ltp-crun-cumulative-environment.tsv
489	getgid01_16	TCONF	architecture_limit	record_platform_limit	https://docs.kernel.org/arch/riscv/index.html	${NACC_ROOT}/chipyard/software/firemarshal/boards/default/distros/br/buildroot/output/build/ltp-testsuite-custom/testcases/kernel/syscalls/getgid/../utils/compat_tst_16.h:99: TCONF: 16-bit version of getgid() is not supported on your platform	getgid01_16 getgid01_16	results/20260824T013104Z-firemarshal-qemu-br-crun-ltp-0/nacc-ltp-crun-cumulative-results.tsv	results/20260824T013104Z-firemarshal-qemu-br-crun-ltp-0/nacc-ltp-crun-cumulative-environment.tsv
491	getgid03_16	TCONF	architecture_limit	record_platform_limit	https://docs.kernel.org/arch/riscv/index.html	${NACC_ROOT}/chipyard/software/firemarshal/boards/default/distros/br/buildroot/output/build/ltp-testsuite-custom/testcases/kernel/syscalls/getgid/../utils/compat_tst_16.h:99: TCONF: 16-bit version of getgid() is not supported on your platform	getgid03_16 getgid03_16	results/20260824T013104Z-firemarshal-qemu-br-crun-ltp-0/nacc-ltp-crun-cumulative-results.tsv	results/20260824T013104Z-firemarshal-qemu-br-crun-ltp-0/nacc-ltp-crun-cumulative-environment.tsv
494	getgroups01_16	TCONF	architecture_limit	record_platform_limit	https://docs.kernel.org/arch/riscv/index.html	getgroups01_16 1 TCONF : ${NACC_ROOT}/chipyard/software/firemarshal/boards/default/distros/br/buildroot/output/build/ltp-testsuite-custom/testcases/kernel/syscalls/getgroups/../utils/compat_16.h:82: 16-bit version of getgroups() is not supported on your platform	getgroups01_16 getgroups01_16	results/20260824T013104Z-firemarshal-qemu-br-crun-ltp-0/nacc-ltp-crun-cumulative-results.tsv	results/20260824T013104Z-firemarshal-qemu-br-crun-ltp-0/nacc-ltp-crun-cumulative-environment.tsv
496	getgroups03_16	TCONF	architecture_limit	record_platform_limit	https://docs.kernel.org/arch/riscv/index.html	getgroups03_16 1 TCONF : ${NACC_ROOT}/chipyard/software/firemarshal/boards/default/distros/br/buildroot/output/build/ltp-testsuite-custom/testcases/kernel/syscalls/getgroups/../utils/compat_16.h:77: 16-bit version of setgroups() is not supported on your platform	getgroups03_16 getgroups03_16	results/20260824T013104Z-firemarshal-qemu-br-crun-ltp-0/nacc-ltp-crun-cumulative-results.tsv	results/20260824T013104Z-firemarshal-qemu-br-crun-ltp-0/nacc-ltp-crun-cumulative-environment.tsv
533	getresgid01_16	TCONF	architecture_limit	record_platform_limit	https://docs.kernel.org/arch/riscv/index.html	getresgid01 1 TCONF : ${NACC_ROOT}/chipyard/software/firemarshal/boards/default/distros/br/buildroot/output/build/ltp-testsuite-custom/testcases/kernel/syscalls/getresgid/../utils/compat_16.h:151: 16-bit version of getresgid() is not supported on your platform	getresgid01_16 getresgid01_16	results/20260824T013104Z-firemarshal-qemu-br-crun-ltp-0/nacc-ltp-crun-cumulative-results.tsv	results/20260824T013104Z-firemarshal-qemu-br-crun-ltp-0/nacc-ltp-crun-cumulative-environment.tsv
535	getresgid02_16	TCONF	architecture_limit	record_platform_limit	https://docs.kernel.org/arch/riscv/index.html	getresgid02 1 TCONF : ${NACC_ROOT}/chipyard/software/firemarshal/boards/default/distros/br/buildroot/output/build/ltp-testsuite-custom/testcases/kernel/syscalls/getresgid/../utils/compat_16.h:151: 16-bit version of getresgid() is not supported on your platform	getresgid02_16 getresgid02_16	results/20260824T013104Z-firemarshal-qemu-br-crun-ltp-0/nacc-ltp-crun-cumulative-results.tsv	results/20260824T013104Z-firemarshal-qemu-br-crun-ltp-0/nacc-ltp-crun-cumulative-environment.tsv
537	getresgid03_16	TCONF	architecture_limit	record_platform_limit	https://docs.kernel.org/arch/riscv/index.html	getresgid03 1 TCONF : ${NACC_ROOT}/chipyard/software/firemarshal/boards/default/distros/br/buildroot/output/build/ltp-testsuite-custom/testcases/kernel/syscalls/getresgid/../utils/compat_16.h:151: 16-bit version of getresgid() is not supported on your platform	getresgid03_16 getresgid03_16	results/20260824T013104Z-firemarshal-qemu-br-crun-ltp-0/nacc-ltp-crun-cumulative-results.tsv	results/20260824T013104Z-firemarshal-qemu-br-crun-ltp-0/nacc-ltp-crun-cumulative-environment.tsv
540	getresuid01_16	TCONF	architecture_limit	record_platform_limit	https://docs.kernel.org/arch/riscv/index.html	getresuid01 1 TCONF : ${NACC_ROOT}/chipyard/software/firemarshal/boards/default/distros/br/buildroot/output/build/ltp-testsuite-custom/testcases/kernel/syscalls/getresuid/../utils/compat_16.h:141: 16-bit version of getresuid() is not supported on your platform	getresuid01_16 getresuid01_16	results/20260824T013104Z-firemarshal-qemu-br-crun-ltp-0/nacc-ltp-crun-cumulative-results.tsv	results/20260824T013104Z-firemarshal-qemu-br-crun-ltp-0/nacc-ltp-crun-cumulative-environment.tsv
542	getresuid02_16	TCONF	architecture_limit	record_platform_limit	https://docs.kernel.org/arch/riscv/index.html	getresuid02 1 TCONF : ${NACC_ROOT}/chipyard/software/firemarshal/boards/default/distros/br/buildroot/output/build/ltp-testsuite-custom/testcases/kernel/syscalls/getresuid/../utils/compat_16.h:141: 16-bit version of getresuid() is not supported on your platform	getresuid02_16 getresuid02_16	results/20260824T013104Z-firemarshal-qemu-br-crun-ltp-0/nacc-ltp-crun-cumulative-results.tsv	results/20260824T013104Z-firemarshal-qemu-br-crun-ltp-0/nacc-ltp-crun-cumulative-environment.tsv
544	getresuid03_16	TCONF	architecture_limit	record_platform_limit	https://docs.kernel.org/arch/riscv/index.html	getresuid03 1 TCONF : ${NACC_ROOT}/chipyard/software/firemarshal/boards/default/distros/br/buildroot/output/build/ltp-testsuite-custom/testcases/kernel/syscalls/getresuid/../utils/compat_16.h:141: 16-bit version of getresuid() is not supported on your platform	getresuid03_16 getresuid03_16	results/20260824T013104Z-firemarshal-qemu-br-crun-ltp-0/nacc-ltp-crun-cumulative-results.tsv	results/20260824T013104Z-firemarshal-qemu-br-crun-ltp-0/nacc-ltp-crun-cumulative-environment.tsv
574	getuid01_16	TCONF	architecture_limit	record_platform_limit	https://docs.kernel.org/arch/riscv/index.html	${NACC_ROOT}/chipyard/software/firemarshal/boards/default/distros/br/buildroot/output/build/ltp-testsuite-custom/testcases/kernel/syscalls/getuid/../utils/compat_tst_16.h:89: TCONF: 16-bit version of getuid() is not supported on your platform	getuid01_16 getuid01_16	results/20260824T013104Z-firemarshal-qemu-br-crun-ltp-0/nacc-ltp-crun-cumulative-results.tsv	results/20260824T013104Z-firemarshal-qemu-br-crun-ltp-0/nacc-ltp-crun-cumulative-environment.tsv
576	getuid03_16	TCONF	architecture_limit	record_platform_limit	https://docs.kernel.org/arch/riscv/index.html	${NACC_ROOT}/chipyard/software/firemarshal/boards/default/distros/br/buildroot/output/build/ltp-testsuite-custom/testcases/kernel/syscalls/getuid/../utils/compat_tst_16.h:89: TCONF: 16-bit version of getuid() is not supported on your platform	getuid03_16 getuid03_16	results/20260824T013104Z-firemarshal-qemu-br-crun-ltp-0/nacc-ltp-crun-cumulative-results.tsv	results/20260824T013104Z-firemarshal-qemu-br-crun-ltp-0/nacc-ltp-crun-cumulative-environment.tsv
600	ioctl10	TCONF	feature_or_policy_limit	inspect_feature_support	https://docs.kernel.org/arch/riscv/index.html	ioctl10.c:175: TCONF: This system does not provide support for ioctl(PROCMAP_QUERY)	ioctl10      ioctl10	results/20260824T013104Z-firemarshal-qemu-br-crun-ltp-0/nacc-ltp-crun-cumulative-results.tsv	results/20260824T013104Z-firemarshal-qemu-br-crun-ltp-0/nacc-ltp-crun-cumulative-environment.tsv
627	ioctl_getlbmd01	TCONF	kernel_version_limit	record_platform_limit	https://docs.kernel.org/	tst_test.c:1080: TCONF: The test requires kernel 6.17 or newer	ioctl_getlbmd01 ioctl_getlbmd01	results/20260824T013104Z-firemarshal-qemu-br-crun-ltp-0/nacc-ltp-crun-cumulative-results.tsv	results/20260824T013104Z-firemarshal-qemu-br-crun-ltp-0/nacc-ltp-crun-cumulative-environment.tsv
629	ioctl_pidfd01	TCONF	feature_or_policy_limit	inspect_feature_support	https://docs.kernel.org/arch/riscv/index.html	ioctl_pidfd01.c:47: TCONF: PIDFD_INFO_EXIT is not supported by ioctl()	ioctl_pidfd01 ioctl_pidfd01	results/20260824T013104Z-firemarshal-qemu-br-crun-ltp-0/nacc-ltp-crun-cumulative-results.tsv	results/20260824T013104Z-firemarshal-qemu-br-crun-ltp-0/nacc-ltp-crun-cumulative-environment.tsv
630	ioctl_pidfd02	TCONF	feature_or_policy_limit	inspect_feature_support	https://docs.kernel.org/arch/riscv/index.html	ioctl_pidfd02.c:70: TCONF: PIDFD_INFO_EXIT is not supported by ioctl()	ioctl_pidfd02 ioctl_pidfd02	results/20260824T013104Z-firemarshal-qemu-br-crun-ltp-0/nacc-ltp-crun-cumulative-results.tsv	results/20260824T013104Z-firemarshal-qemu-br-crun-ltp-0/nacc-ltp-crun-cumulative-environment.tsv
631	ioctl_pidfd03	TCONF	feature_or_policy_limit	inspect_feature_support	https://docs.kernel.org/arch/riscv/index.html	ioctl_pidfd03.c:52: TCONF: PIDFD_INFO_EXIT is not supported by ioctl()	ioctl_pidfd03 ioctl_pidfd03	results/20260824T013104Z-firemarshal-qemu-br-crun-ltp-0/nacc-ltp-crun-cumulative-results.tsv	results/20260824T013104Z-firemarshal-qemu-br-crun-ltp-0/nacc-ltp-crun-cumulative-environment.tsv
632	ioctl_pidfd04	TCONF	feature_or_policy_limit	inspect_feature_support	https://docs.kernel.org/arch/riscv/index.html	ioctl_pidfd04.c:58: TCONF: PIDFD_INFO_EXIT is not supported by ioctl()	ioctl_pidfd04 ioctl_pidfd04	results/20260824T013104Z-firemarshal-qemu-br-crun-ltp-0/nacc-ltp-crun-cumulative-results.tsv	results/20260824T013104Z-firemarshal-qemu-br-crun-ltp-0/nacc-ltp-crun-cumulative-environment.tsv
633	ioctl_pidfd05	TCONF	feature_or_policy_limit	inspect_feature_support	https://docs.kernel.org/arch/riscv/index.html	ioctl_pidfd05.c:63: TCONF: ioctl(PIDFD_GET_INFO) is not implemented	ioctl_pidfd05 ioctl_pidfd05	results/20260824T013104Z-firemarshal-qemu-br-crun-ltp-0/nacc-ltp-crun-cumulative-results.tsv	results/20260824T013104Z-firemarshal-qemu-br-crun-ltp-0/nacc-ltp-crun-cumulative-environment.tsv
634	ioctl_pidfd06	TCONF	feature_or_policy_limit	inspect_feature_support	https://docs.kernel.org/arch/riscv/index.html	ioctl_pidfd06.c:55: TCONF: PIDFD_INFO_EXIT is not supported by ioctl()	ioctl_pidfd06 ioctl_pidfd06	results/20260824T013104Z-firemarshal-qemu-br-crun-ltp-0/nacc-ltp-crun-cumulative-results.tsv	results/20260824T013104Z-firemarshal-qemu-br-crun-ltp-0/nacc-ltp-crun-cumulative-environment.tsv
664	fanotify13	TFAIL	kernel_filesystem_semantics	requires_kernel_or_filesystem_investigation	https://git.kernel.org/pub/scm/linux/kernel/git/torvalds/linux.git/commit/?id=c45beebfde34	fanotify13.c:282: TFAIL: handle_bytes (0) returned in event does not equal to handle_bytes (20) returned in name_to_handle_at(2)	fanotify13 fanotify13	results/20260824T013104Z-firemarshal-qemu-br-crun-ltp-0/nacc-ltp-crun-cumulative-results.tsv	results/20260824T013104Z-firemarshal-qemu-br-crun-ltp-0/nacc-ltp-crun-cumulative-environment.tsv
675	fanotify24	TCONF	feature_or_policy_limit	inspect_feature_support	https://docs.kernel.org/arch/riscv/index.html	fanotify24.c:529: TCONF: FAN_PRE_ACCESS not supported in kernel?	fanotify24 fanotify24	results/20260824T013104Z-firemarshal-qemu-br-crun-ltp-0/nacc-ltp-crun-cumulative-results.tsv	results/20260824T013104Z-firemarshal-qemu-br-crun-ltp-0/nacc-ltp-crun-cumulative-environment.tsv
678	ioperm01	TCONF	feature_or_policy_limit	inspect_feature_support	https://docs.kernel.org/arch/riscv/index.html	tst_test.c:1414: TCONF: LSB v1.3 does not specify ioperm() for this architecture. (only for i386 or x86_64)	ioperm01 ioperm01	results/20260824T013104Z-firemarshal-qemu-br-crun-ltp-0/nacc-ltp-crun-cumulative-results.tsv	results/20260824T013104Z-firemarshal-qemu-br-crun-ltp-0/nacc-ltp-crun-cumulative-environment.tsv
679	ioperm02	TCONF	feature_or_policy_limit	inspect_feature_support	https://docs.kernel.org/arch/riscv/index.html	tst_test.c:1414: TCONF: LSB v1.3 does not specify ioperm() for this architecture. (only for i386 or x86_64)	ioperm02 ioperm02	results/20260824T013104Z-firemarshal-qemu-br-crun-ltp-0/nacc-ltp-crun-cumulative-results.tsv	results/20260824T013104Z-firemarshal-qemu-br-crun-ltp-0/nacc-ltp-crun-cumulative-environment.tsv
681	iopl01	TCONF	feature_or_policy_limit	inspect_feature_support	https://docs.kernel.org/arch/riscv/index.html	tst_test.c:1414: TCONF: LSB v1.3 does not specify iopl() for this architecture. (only for i386 or x86_64)	iopl01 iopl01	results/20260824T013104Z-firemarshal-qemu-br-crun-ltp-0/nacc-ltp-crun-cumulative-results.tsv	results/20260824T013104Z-firemarshal-qemu-br-crun-ltp-0/nacc-ltp-crun-cumulative-environment.tsv
682	iopl02	TCONF	feature_or_policy_limit	inspect_feature_support	https://docs.kernel.org/arch/riscv/index.html	tst_test.c:1414: TCONF: LSB v1.3 does not specify iopl() for this architecture. (only for i386 or x86_64)	iopl02 iopl02	results/20260824T013104Z-firemarshal-qemu-br-crun-ltp-0/nacc-ltp-crun-cumulative-results.tsv	results/20260824T013104Z-firemarshal-qemu-br-crun-ltp-0/nacc-ltp-crun-cumulative-environment.tsv
728	kill13	TCONF	kernel_config_or_policy	inspect_kernel_or_guest_setup	https://docs.kernel.org/kbuild/kconfig.html	tst_test.c:1453: TCONF: Aborting due to unsuitable kernel config, see above!	kill13 kill13	results/20260824T013104Z-firemarshal-qemu-br-crun-ltp-0/nacc-ltp-crun-cumulative-results.tsv	results/20260824T013104Z-firemarshal-qemu-br-crun-ltp-0/nacc-ltp-crun-cumulative-environment.tsv
735	landlock06	TCONF	feature_or_policy_limit	inspect_feature_support	https://docs.kernel.org/userspace-api/landlock.html	landlock06.c:44: TCONF: LANDLOCK_ACCESS_FS_IOCTL_DEV is not supported	landlock06 landlock06	results/20260824T013104Z-firemarshal-qemu-br-crun-ltp-0/nacc-ltp-crun-cumulative-results.tsv	results/20260824T013104Z-firemarshal-qemu-br-crun-ltp-0/nacc-ltp-crun-cumulative-environment.tsv
736	landlock07	TFAIL	kernel_regression	requires_kernel_fix_or_backport	https://git.kernel.org/pub/scm/linux/kernel/git/torvalds/linux.git/commit/?id=39705a6c29f8	landlock07.c:59: TFAIL: open("/dev/null", O_WRONLY) invalid retval 4: SUCCESS (0)	landlock07 landlock07	results/20260824T013104Z-firemarshal-qemu-br-crun-ltp-0/nacc-ltp-crun-cumulative-results.tsv	results/20260824T013104Z-firemarshal-qemu-br-crun-ltp-0/nacc-ltp-crun-cumulative-environment.tsv
737	landlock08	TCONF	feature_or_policy_limit	inspect_feature_support	https://docs.kernel.org/userspace-api/landlock.html	landlock08.c:187: TCONF: Landlock network is not supported	landlock08 landlock08	results/20260824T013104Z-firemarshal-qemu-br-crun-ltp-0/nacc-ltp-crun-cumulative-results.tsv	results/20260824T013104Z-firemarshal-qemu-br-crun-ltp-0/nacc-ltp-crun-cumulative-environment.tsv
738	landlock09	TCONF	feature_or_policy_limit	inspect_feature_support	https://docs.kernel.org/userspace-api/landlock.html	landlock09.c:113: TCONF: LANDLOCK_SCOPE_ABSTRACT_UNIX_SOCKET is unsupported on ABI < 6	landlock09 landlock09	results/20260824T013104Z-firemarshal-qemu-br-crun-ltp-0/nacc-ltp-crun-cumulative-results.tsv	results/20260824T013104Z-firemarshal-qemu-br-crun-ltp-0/nacc-ltp-crun-cumulative-environment.tsv
739	landlock10	TCONF	feature_or_policy_limit	inspect_feature_support	https://docs.kernel.org/userspace-api/landlock.html	landlock10.c:90: TCONF: LANDLOCK_SCOPE_SIGNAL is unsupported on ABI < 6	landlock10 landlock10	results/20260824T013104Z-firemarshal-qemu-br-crun-ltp-0/nacc-ltp-crun-cumulative-results.tsv	results/20260824T013104Z-firemarshal-qemu-br-crun-ltp-0/nacc-ltp-crun-cumulative-environment.tsv
760	listmount01	TCONF	kernel_version_limit	record_platform_limit	https://docs.kernel.org/	tst_test.c:1080: TCONF: The test requires kernel 6.8 or newer	listmount01 listmount01	results/20260824T013104Z-firemarshal-qemu-br-crun-ltp-0/nacc-ltp-crun-cumulative-results.tsv	results/20260824T013104Z-firemarshal-qemu-br-crun-ltp-0/nacc-ltp-crun-cumulative-environment.tsv
761	listmount02	TCONF	kernel_version_limit	record_platform_limit	https://docs.kernel.org/	tst_test.c:1080: TCONF: The test requires kernel 6.8 or newer	listmount02 listmount02	results/20260824T013104Z-firemarshal-qemu-br-crun-ltp-0/nacc-ltp-crun-cumulative-results.tsv	results/20260824T013104Z-firemarshal-qemu-br-crun-ltp-0/nacc-ltp-crun-cumulative-environment.tsv
762	listmount03	TCONF	kernel_version_limit	record_platform_limit	https://docs.kernel.org/	tst_test.c:1080: TCONF: The test requires kernel 6.8 or newer	listmount03 listmount03	results/20260824T013104Z-firemarshal-qemu-br-crun-ltp-0/nacc-ltp-crun-cumulative-results.tsv	results/20260824T013104Z-firemarshal-qemu-br-crun-ltp-0/nacc-ltp-crun-cumulative-environment.tsv
763	listmount04	TCONF	kernel_version_limit	record_platform_limit	https://docs.kernel.org/	tst_test.c:1080: TCONF: The test requires kernel 6.11 or newer	listmount04 listmount04	results/20260824T013104Z-firemarshal-qemu-br-crun-ltp-0/nacc-ltp-crun-cumulative-results.tsv	results/20260824T013104Z-firemarshal-qemu-br-crun-ltp-0/nacc-ltp-crun-cumulative-environment.tsv
785	lsm_get_self_attr01	TCONF	kernel_version_limit	record_platform_limit	https://docs.kernel.org/	tst_test.c:1080: TCONF: The test requires kernel 6.8 or newer	lsm_get_self_attr01 lsm_get_self_attr01	results/20260824T013104Z-firemarshal-qemu-br-crun-ltp-0/nacc-ltp-crun-cumulative-results.tsv	results/20260824T013104Z-firemarshal-qemu-br-crun-ltp-0/nacc-ltp-crun-cumulative-environment.tsv
786	lsm_get_self_attr02	TCONF	kernel_version_limit	record_platform_limit	https://docs.kernel.org/	tst_test.c:1080: TCONF: The test requires kernel 6.8 or newer	lsm_get_self_attr02 lsm_get_self_attr02	results/20260824T013104Z-firemarshal-qemu-br-crun-ltp-0/nacc-ltp-crun-cumulative-results.tsv	results/20260824T013104Z-firemarshal-qemu-br-crun-ltp-0/nacc-ltp-crun-cumulative-environment.tsv
787	lsm_get_self_attr03	TCONF	kernel_version_limit	record_platform_limit	https://docs.kernel.org/	tst_test.c:1080: TCONF: The test requires kernel 6.8 or newer	lsm_get_self_attr03 lsm_get_self_attr03	results/20260824T013104Z-firemarshal-qemu-br-crun-ltp-0/nacc-ltp-crun-cumulative-results.tsv	results/20260824T013104Z-firemarshal-qemu-br-crun-ltp-0/nacc-ltp-crun-cumulative-environment.tsv
788	lsm_list_modules01	TCONF	kernel_version_limit	record_platform_limit	https://docs.kernel.org/	tst_test.c:1080: TCONF: The test requires kernel 6.8 or newer	lsm_list_modules01 lsm_list_modules01	results/20260824T013104Z-firemarshal-qemu-br-crun-ltp-0/nacc-ltp-crun-cumulative-results.tsv	results/20260824T013104Z-firemarshal-qemu-br-crun-ltp-0/nacc-ltp-crun-cumulative-environment.tsv
789	lsm_list_modules02	TCONF	kernel_version_limit	record_platform_limit	https://docs.kernel.org/	tst_test.c:1080: TCONF: The test requires kernel 6.8 or newer	lsm_list_modules02 lsm_list_modules02	results/20260824T013104Z-firemarshal-qemu-br-crun-ltp-0/nacc-ltp-crun-cumulative-results.tsv	results/20260824T013104Z-firemarshal-qemu-br-crun-ltp-0/nacc-ltp-crun-cumulative-environment.tsv
790	lsm_set_self_attr01	TCONF	kernel_version_limit	record_platform_limit	https://docs.kernel.org/	tst_test.c:1080: TCONF: The test requires kernel 6.8 or newer	lsm_set_self_attr01 lsm_set_self_attr01	results/20260824T013104Z-firemarshal-qemu-br-crun-ltp-0/nacc-ltp-crun-cumulative-results.tsv	results/20260824T013104Z-firemarshal-qemu-br-crun-ltp-0/nacc-ltp-crun-cumulative-environment.tsv
806	mbind02	TCONF	feature_or_policy_limit	inspect_feature_support	https://docs.kernel.org/mm/numa.html	mbind02.c:37: TCONF: Test requires at least two NUMA memory nodes	mbind02 mbind02	results/20260824T013104Z-firemarshal-qemu-br-crun-ltp-0/nacc-ltp-crun-cumulative-results.tsv	results/20260824T013104Z-firemarshal-qemu-br-crun-ltp-0/nacc-ltp-crun-cumulative-environment.tsv
807	mbind03	TCONF	feature_or_policy_limit	inspect_feature_support	https://docs.kernel.org/mm/numa.html	mbind03.c:34: TCONF: Test requires at least two NUMA memory nodes	mbind03 mbind03	results/20260824T013104Z-firemarshal-qemu-br-crun-ltp-0/nacc-ltp-crun-cumulative-results.tsv	results/20260824T013104Z-firemarshal-qemu-br-crun-ltp-0/nacc-ltp-crun-cumulative-environment.tsv
808	mbind04	TCONF	feature_or_policy_limit	inspect_feature_support	https://docs.kernel.org/mm/numa.html	mbind04.c:36: TCONF: Test requires at least two NUMA memory nodes	mbind04 mbind04	results/20260824T013104Z-firemarshal-qemu-br-crun-ltp-0/nacc-ltp-crun-cumulative-results.tsv	results/20260824T013104Z-firemarshal-qemu-br-crun-ltp-0/nacc-ltp-crun-cumulative-environment.tsv
815	migrate_pages02	TCONF	topology_limit	record_platform_limit	https://docs.kernel.org/mm/numa.html	migrate_pages02.c:274: TCONF: at least 2 allowed NUMA nodes are required	migrate_pages02 migrate_pages02	results/20260824T013104Z-firemarshal-qemu-br-crun-ltp-0/nacc-ltp-crun-cumulative-results.tsv	results/20260824T013104Z-firemarshal-qemu-br-crun-ltp-0/nacc-ltp-crun-cumulative-environment.tsv
816	migrate_pages03	TCONF	topology_limit	record_platform_limit	https://docs.kernel.org/mm/numa.html	migrate_pages03.c:59: TCONF: requires NUMA with at least 2 node	migrate_pages03 migrate_pages03	results/20260824T013104Z-firemarshal-qemu-br-crun-ltp-0/nacc-ltp-crun-cumulative-results.tsv	results/20260824T013104Z-firemarshal-qemu-br-crun-ltp-0/nacc-ltp-crun-cumulative-environment.tsv
877	mmap22	TCONF	feature_or_policy_limit	inspect_feature_support	https://docs.kernel.org/arch/riscv/index.html	mmap22.c:105: TCONF: MAP_DROPPABLE not supported	mmap22 mmap22	results/20260824T013104Z-firemarshal-qemu-br-crun-ltp-0/nacc-ltp-crun-cumulative-results.tsv	results/20260824T013104Z-firemarshal-qemu-br-crun-ltp-0/nacc-ltp-crun-cumulative-environment.tsv
879	modify_ldt01	TCONF	feature_or_policy_limit	inspect_feature_support	https://docs.kernel.org/arch/riscv/index.html	tst_test.c:1417: TCONF: This arch 'unknown' is not supported for test!	modify_ldt01 modify_ldt01	results/20260824T013104Z-firemarshal-qemu-br-crun-ltp-0/nacc-ltp-crun-cumulative-results.tsv	results/20260824T013104Z-firemarshal-qemu-br-crun-ltp-0/nacc-ltp-crun-cumulative-environment.tsv
880	modify_ldt02	TCONF	feature_or_policy_limit	inspect_feature_support	https://docs.kernel.org/arch/riscv/index.html	tst_test.c:1417: TCONF: This arch 'unknown' is not supported for test!	modify_ldt02 modify_ldt02	results/20260824T013104Z-firemarshal-qemu-br-crun-ltp-0/nacc-ltp-crun-cumulative-results.tsv	results/20260824T013104Z-firemarshal-qemu-br-crun-ltp-0/nacc-ltp-crun-cumulative-environment.tsv
889	mount08	TFAIL	kernel_regression	requires_kernel_fix_or_backport	https://git.kernel.org/pub/scm/linux/kernel/git/torvalds/linux.git/commit/?id=d80b065bb172	mount08.c:40: TFAIL: mount(/proc/6/fd/4) succeeded	mount08 mount08	results/20260824T013104Z-firemarshal-qemu-br-crun-ltp-0/nacc-ltp-crun-cumulative-results.tsv	results/20260824T013104Z-firemarshal-qemu-br-crun-ltp-0/nacc-ltp-crun-cumulative-environment.tsv
898	move_pages01	TCONF	topology_limit	record_platform_limit	https://docs.kernel.org/mm/numa.html	move_pages01 1 TCONF : move_pages_support.c:407: at least 2 allowed NUMA nodes are required	move_pages01 move_pages01	results/20260824T013104Z-firemarshal-qemu-br-crun-ltp-0/nacc-ltp-crun-cumulative-results.tsv	results/20260824T013104Z-firemarshal-qemu-br-crun-ltp-0/nacc-ltp-crun-cumulative-environment.tsv
899	move_pages02	TCONF	topology_limit	record_platform_limit	https://docs.kernel.org/mm/numa.html	move_pages02 1 TCONF : move_pages_support.c:407: at least 2 allowed NUMA nodes are required	move_pages02 move_pages02	results/20260824T013104Z-firemarshal-qemu-br-crun-ltp-0/nacc-ltp-crun-cumulative-results.tsv	results/20260824T013104Z-firemarshal-qemu-br-crun-ltp-0/nacc-ltp-crun-cumulative-environment.tsv
900	move_pages03	TCONF	topology_limit	record_platform_limit	https://docs.kernel.org/mm/numa.html	move_pages03 1 TCONF : move_pages_support.c:407: at least 2 allowed NUMA nodes are required	move_pages03 move_pages03	results/20260824T013104Z-firemarshal-qemu-br-crun-ltp-0/nacc-ltp-crun-cumulative-results.tsv	results/20260824T013104Z-firemarshal-qemu-br-crun-ltp-0/nacc-ltp-crun-cumulative-environment.tsv
901	move_pages04	TCONF	topology_limit	record_platform_limit	https://docs.kernel.org/mm/numa.html	move_pages_support.c:407: TCONF: at least 2 allowed NUMA nodes are required	move_pages04 move_pages04	results/20260824T013104Z-firemarshal-qemu-br-crun-ltp-0/nacc-ltp-crun-cumulative-results.tsv	results/20260824T013104Z-firemarshal-qemu-br-crun-ltp-0/nacc-ltp-crun-cumulative-environment.tsv
902	move_pages05	TCONF	topology_limit	record_platform_limit	https://docs.kernel.org/mm/numa.html	move_pages05 1 TCONF : move_pages_support.c:407: at least 2 allowed NUMA nodes are required	move_pages05 move_pages05	results/20260824T013104Z-firemarshal-qemu-br-crun-ltp-0/nacc-ltp-crun-cumulative-results.tsv	results/20260824T013104Z-firemarshal-qemu-br-crun-ltp-0/nacc-ltp-crun-cumulative-environment.tsv
903	move_pages06	TCONF	topology_limit	record_platform_limit	https://docs.kernel.org/mm/numa.html	move_pages06 1 TCONF : move_pages_support.c:407: at least 2 allowed NUMA nodes are required	move_pages06 move_pages06	results/20260824T013104Z-firemarshal-qemu-br-crun-ltp-0/nacc-ltp-crun-cumulative-results.tsv	results/20260824T013104Z-firemarshal-qemu-br-crun-ltp-0/nacc-ltp-crun-cumulative-environment.tsv
904	move_pages07	TCONF	topology_limit	record_platform_limit	https://docs.kernel.org/mm/numa.html	move_pages07 1 TCONF : move_pages_support.c:407: at least 2 allowed NUMA nodes are required	move_pages07 move_pages07	results/20260824T013104Z-firemarshal-qemu-br-crun-ltp-0/nacc-ltp-crun-cumulative-results.tsv	results/20260824T013104Z-firemarshal-qemu-br-crun-ltp-0/nacc-ltp-crun-cumulative-environment.tsv
905	move_pages09	TCONF	topology_limit	record_platform_limit	https://docs.kernel.org/mm/numa.html	move_pages09 1 TCONF : move_pages_support.c:407: at least 2 allowed NUMA nodes are required	move_pages09 move_pages09	results/20260824T013104Z-firemarshal-qemu-br-crun-ltp-0/nacc-ltp-crun-cumulative-results.tsv	results/20260824T013104Z-firemarshal-qemu-br-crun-ltp-0/nacc-ltp-crun-cumulative-environment.tsv
906	move_pages10	TCONF	topology_limit	record_platform_limit	https://docs.kernel.org/mm/numa.html	move_pages10 1 TCONF : move_pages_support.c:407: at least 2 allowed NUMA nodes are required	move_pages10 move_pages10	results/20260824T013104Z-firemarshal-qemu-br-crun-ltp-0/nacc-ltp-crun-cumulative-results.tsv	results/20260824T013104Z-firemarshal-qemu-br-crun-ltp-0/nacc-ltp-crun-cumulative-environment.tsv
907	move_pages11	TCONF	topology_limit	record_platform_limit	https://docs.kernel.org/mm/numa.html	move_pages11 1 TCONF : move_pages_support.c:407: at least 2 allowed NUMA nodes are required	move_pages11 move_pages11	results/20260824T013104Z-firemarshal-qemu-br-crun-ltp-0/nacc-ltp-crun-cumulative-results.tsv	results/20260824T013104Z-firemarshal-qemu-br-crun-ltp-0/nacc-ltp-crun-cumulative-environment.tsv
908	move_pages12	TCONF	topology_limit	record_platform_limit	https://docs.kernel.org/mm/numa.html	move_pages_support.c:407: TCONF: at least 2 allowed NUMA nodes are required	move_pages12 move_pages12	results/20260824T013104Z-firemarshal-qemu-br-crun-ltp-0/nacc-ltp-crun-cumulative-results.tsv	results/20260824T013104Z-firemarshal-qemu-br-crun-ltp-0/nacc-ltp-crun-cumulative-environment.tsv
916	pkey01	TCONF	architecture_limit	record_platform_limit	https://docs.kernel.org/arch/riscv/index.html	../../../../include/lapi/pkey.h:43: TCONF: syscall(289) __NR_pkey_alloc not supported on your arch	pkey01 pkey01	results/20260824T013104Z-firemarshal-qemu-br-crun-ltp-0/nacc-ltp-crun-cumulative-results.tsv	results/20260824T013104Z-firemarshal-qemu-br-crun-ltp-0/nacc-ltp-crun-cumulative-environment.tsv
934	mseal01	TCONF	architecture_limit	record_platform_limit	https://docs.kernel.org/arch/riscv/index.html	mseal01.c:40: TCONF: syscall(-1) __NR_mseal not supported on your arch	mseal01 mseal01	results/20260824T013104Z-firemarshal-qemu-br-crun-ltp-0/nacc-ltp-crun-cumulative-results.tsv	results/20260824T013104Z-firemarshal-qemu-br-crun-ltp-0/nacc-ltp-crun-cumulative-environment.tsv
935	mseal02	TCONF	architecture_limit	record_platform_limit	https://docs.kernel.org/arch/riscv/index.html	mseal02.c:47: TCONF: syscall(-1) __NR_mseal not supported on your arch	mseal02 mseal02	results/20260824T013104Z-firemarshal-qemu-br-crun-ltp-0/nacc-ltp-crun-cumulative-results.tsv	results/20260824T013104Z-firemarshal-qemu-br-crun-ltp-0/nacc-ltp-crun-cumulative-environment.tsv
941	msgctl05	TCONF	feature_or_policy_limit	inspect_feature_support	https://docs.kernel.org/arch/riscv/index.html	tst_test.c:1414: TCONF: test requires struct msqid64_ds to have the time_high fields	msgctl05 msgctl05	results/20260824T013104Z-firemarshal-qemu-br-crun-ltp-0/nacc-ltp-crun-cumulative-results.tsv	results/20260824T013104Z-firemarshal-qemu-br-crun-ltp-0/nacc-ltp-crun-cumulative-environment.tsv
986	name_to_handle_at03	TCONF	feature_or_policy_limit	inspect_feature_support	https://docs.kernel.org/arch/riscv/index.html	name_to_handle_at03.c:35: TCONF: AT_HANDLE_CONNECTABLE not supported by the kernel.	name_to_handle_at03 name_to_handle_at03	results/20260824T013104Z-firemarshal-qemu-br-crun-ltp-0/nacc-ltp-crun-cumulative-results.tsv	results/20260824T013104Z-firemarshal-qemu-br-crun-ltp-0/nacc-ltp-crun-cumulative-environment.tsv
1037	madvise07	TCONF	kernel_config_or_policy	inspect_kernel_or_guest_setup	https://docs.kernel.org/kbuild/kconfig.html	madvise07.c:57: TCONF: CONFIG_MEMORY_FAILURE probably not set in kconfig: EINVAL (22)	madvise07 madvise07	results/20260824T013104Z-firemarshal-qemu-br-crun-ltp-0/nacc-ltp-crun-cumulative-results.tsv	results/20260824T013104Z-firemarshal-qemu-br-crun-ltp-0/nacc-ltp-crun-cumulative-environment.tsv
1041	madvise11	TCONF	kernel_config_or_policy	inspect_kernel_or_guest_setup	https://docs.kernel.org/kbuild/kconfig.html	tst_test.c:1453: TCONF: Aborting due to unsuitable kernel config, see above!	madvise11 madvise11	results/20260824T013104Z-firemarshal-qemu-br-crun-ltp-0/nacc-ltp-crun-cumulative-results.tsv	results/20260824T013104Z-firemarshal-qemu-br-crun-ltp-0/nacc-ltp-crun-cumulative-environment.tsv
1042	madvise12	TCONF	kernel_version_limit	record_platform_limit	https://docs.kernel.org/	tst_test.c:1080: TCONF: The test requires kernel 6.13 or newer	madvise12 madvise12	results/20260824T013104Z-firemarshal-qemu-br-crun-ltp-0/nacc-ltp-crun-cumulative-results.tsv	results/20260824T013104Z-firemarshal-qemu-br-crun-ltp-0/nacc-ltp-crun-cumulative-environment.tsv
1114	prctl10	TCONF	feature_or_policy_limit	inspect_feature_support	https://docs.kernel.org/arch/riscv/index.html	tst_test.c:1417: TCONF: This arch 'unknown' is not supported for test!	prctl10 prctl10	results/20260824T013104Z-firemarshal-qemu-br-crun-ltp-0/nacc-ltp-crun-cumulative-results.tsv	results/20260824T013104Z-firemarshal-qemu-br-crun-ltp-0/nacc-ltp-crun-cumulative-environment.tsv
1160	ptrace04	TCONF	feature_or_policy_limit	inspect_feature_support	https://docs.kernel.org/arch/riscv/index.html	ptrace04 1 TCONF : ptrace04.c:103: test not supported for your arch (yet)	ptrace04 ptrace04	results/20260824T013104Z-firemarshal-qemu-br-crun-ltp-0/nacc-ltp-crun-cumulative-results.tsv	results/20260824T013104Z-firemarshal-qemu-br-crun-ltp-0/nacc-ltp-crun-cumulative-environment.tsv
1163	ptrace07	TCONF	architecture_limit	record_platform_limit	https://docs.kernel.org/arch/riscv/index.html	tst_test.c:1414: TCONF: Tests an x86_64 feature	ptrace07 ptrace07	results/20260824T013104Z-firemarshal-qemu-br-crun-ltp-0/nacc-ltp-crun-cumulative-results.tsv	results/20260824T013104Z-firemarshal-qemu-br-crun-ltp-0/nacc-ltp-crun-cumulative-environment.tsv
1164	ptrace08	TCONF	feature_or_policy_limit	inspect_feature_support	https://docs.kernel.org/arch/riscv/index.html	tst_test.c:1417: TCONF: This arch 'unknown' is not supported for test!	ptrace08 ptrace08	results/20260824T013104Z-firemarshal-qemu-br-crun-ltp-0/nacc-ltp-crun-cumulative-results.tsv	results/20260824T013104Z-firemarshal-qemu-br-crun-ltp-0/nacc-ltp-crun-cumulative-environment.tsv
1165	ptrace09	TCONF	feature_or_policy_limit	inspect_feature_support	https://docs.kernel.org/arch/riscv/index.html	tst_test.c:1417: TCONF: This arch 'unknown' is not supported for test!	ptrace09 ptrace09	results/20260824T013104Z-firemarshal-qemu-br-crun-ltp-0/nacc-ltp-crun-cumulative-results.tsv	results/20260824T013104Z-firemarshal-qemu-br-crun-ltp-0/nacc-ltp-crun-cumulative-environment.tsv
1166	ptrace10	TCONF	feature_or_policy_limit	inspect_feature_support	https://docs.kernel.org/arch/riscv/index.html	tst_test.c:1417: TCONF: This arch 'unknown' is not supported for test!	ptrace10 ptrace10	results/20260824T013104Z-firemarshal-qemu-br-crun-ltp-0/nacc-ltp-crun-cumulative-results.tsv	results/20260824T013104Z-firemarshal-qemu-br-crun-ltp-0/nacc-ltp-crun-cumulative-environment.tsv
1210	readdir21	TCONF	architecture_limit	record_platform_limit	https://docs.kernel.org/arch/riscv/index.html	readdir21.c:69: TCONF: syscall(-1) __NR_readdir not supported on your arch	readdir21 readdir21	results/20260824T013104Z-firemarshal-qemu-br-crun-ltp-0/nacc-ltp-crun-cumulative-results.tsv	results/20260824T013104Z-firemarshal-qemu-br-crun-ltp-0/nacc-ltp-crun-cumulative-environment.tsv
1224	reboot01	TFAIL	container_pid_namespace	retained_isolation_limit	https://github.com/torvalds/linux/blob/v6.6/kernel/pid_namespace.c#L319-L343	reboot01.c:32: TFAIL: reboot(LINUX_REBOOT_CMD_CAD_ON) failed: EINVAL (22)	reboot01 reboot01	results/20260824T013104Z-firemarshal-qemu-br-crun-ltp-0/nacc-ltp-crun-cumulative-results.tsv	results/20260824T013104Z-firemarshal-qemu-br-crun-ltp-0/nacc-ltp-crun-cumulative-environment.tsv
1288	sbrk03	TCONF	feature_or_policy_limit	inspect_feature_support	https://docs.kernel.org/arch/riscv/index.html	tst_test.c:1417: TCONF: This arch 'unknown' is not supported for test!	sbrk03 sbrk03	results/20260824T013104Z-firemarshal-qemu-br-crun-ltp-0/nacc-ltp-crun-cumulative-results.tsv	results/20260824T013104Z-firemarshal-qemu-br-crun-ltp-0/nacc-ltp-crun-cumulative-environment.tsv
1340	semctl08	TCONF	feature_or_policy_limit	inspect_feature_support	https://docs.kernel.org/arch/riscv/index.html	tst_test.c:1414: TCONF: test requires struct semid64_ds to have the time_high fields	semctl08 semctl08	results/20260824T013104Z-firemarshal-qemu-br-crun-ltp-0/nacc-ltp-crun-cumulative-results.tsv	results/20260824T013104Z-firemarshal-qemu-br-crun-ltp-0/nacc-ltp-crun-cumulative-environment.tsv
1385	set_mempolicy01	TCONF	feature_or_policy_limit	inspect_feature_support	https://docs.kernel.org/mm/numa.html	set_mempolicy01.c:37: TCONF: Test requires at least two NUMA memory nodes	set_mempolicy01 set_mempolicy01	results/20260824T013104Z-firemarshal-qemu-br-crun-ltp-0/nacc-ltp-crun-cumulative-results.tsv	results/20260824T013104Z-firemarshal-qemu-br-crun-ltp-0/nacc-ltp-crun-cumulative-environment.tsv
1386	set_mempolicy02	TCONF	feature_or_policy_limit	inspect_feature_support	https://docs.kernel.org/mm/numa.html	set_mempolicy02.c:38: TCONF: Test requires at least two NUMA memory nodes	set_mempolicy02 set_mempolicy02	results/20260824T013104Z-firemarshal-qemu-br-crun-ltp-0/nacc-ltp-crun-cumulative-results.tsv	results/20260824T013104Z-firemarshal-qemu-br-crun-ltp-0/nacc-ltp-crun-cumulative-environment.tsv
1387	set_mempolicy03	TCONF	feature_or_policy_limit	inspect_feature_support	https://docs.kernel.org/mm/numa.html	set_mempolicy03.c:36: TCONF: Test requires at least two NUMA memory nodes	set_mempolicy03 set_mempolicy03	results/20260824T013104Z-firemarshal-qemu-br-crun-ltp-0/nacc-ltp-crun-cumulative-results.tsv	results/20260824T013104Z-firemarshal-qemu-br-crun-ltp-0/nacc-ltp-crun-cumulative-environment.tsv
1388	set_mempolicy04	TCONF	feature_or_policy_limit	inspect_feature_support	https://docs.kernel.org/mm/numa.html	set_mempolicy04.c:49: TCONF: Test requires at least two NUMA memory nodes	set_mempolicy04 set_mempolicy04	results/20260824T013104Z-firemarshal-qemu-br-crun-ltp-0/nacc-ltp-crun-cumulative-results.tsv	results/20260824T013104Z-firemarshal-qemu-br-crun-ltp-0/nacc-ltp-crun-cumulative-environment.tsv
1391	set_thread_area01	TCONF	feature_or_policy_limit	inspect_feature_support	https://docs.kernel.org/arch/riscv/index.html	tst_test.c:1417: TCONF: This arch 'unknown' is not supported for test!	set_thread_area01 set_thread_area01	results/20260824T013104Z-firemarshal-qemu-br-crun-ltp-0/nacc-ltp-crun-cumulative-results.tsv	results/20260824T013104Z-firemarshal-qemu-br-crun-ltp-0/nacc-ltp-crun-cumulative-environment.tsv
1392	set_thread_area02	TCONF	feature_or_policy_limit	inspect_feature_support	https://docs.kernel.org/arch/riscv/index.html	tst_test.c:1417: TCONF: This arch 'unknown' is not supported for test!	set_thread_area02 set_thread_area02	results/20260824T013104Z-firemarshal-qemu-br-crun-ltp-0/nacc-ltp-crun-cumulative-results.tsv	results/20260824T013104Z-firemarshal-qemu-br-crun-ltp-0/nacc-ltp-crun-cumulative-environment.tsv
1400	setfsgid01_16	TCONF	architecture_limit	record_platform_limit	https://docs.kernel.org/arch/riscv/index.html	${NACC_ROOT}/chipyard/software/firemarshal/boards/default/distros/br/buildroot/output/build/ltp-testsuite-custom/testcases/kernel/syscalls/setfsgid/../utils/compat_tst_16.h:119: TCONF: 16-bit version of setfsgid() is not supported on your platform	setfsgid01_16 setfsgid01_16	results/20260824T013104Z-firemarshal-qemu-br-crun-ltp-0/nacc-ltp-crun-cumulative-results.tsv	results/20260824T013104Z-firemarshal-qemu-br-crun-ltp-0/nacc-ltp-crun-cumulative-environment.tsv
1402	setfsgid02_16	TCONF	architecture_limit	record_platform_limit	https://docs.kernel.org/arch/riscv/index.html	${NACC_ROOT}/chipyard/software/firemarshal/boards/default/distros/br/buildroot/output/build/ltp-testsuite-custom/testcases/kernel/syscalls/setfsgid/../utils/compat_tst_16.h:119: TCONF: 16-bit version of setfsgid() is not supported on your platform	setfsgid02_16 setfsgid02_16	results/20260824T013104Z-firemarshal-qemu-br-crun-ltp-0/nacc-ltp-crun-cumulative-results.tsv	results/20260824T013104Z-firemarshal-qemu-br-crun-ltp-0/nacc-ltp-crun-cumulative-environment.tsv
1404	setfsgid03_16	TCONF	architecture_limit	record_platform_limit	https://docs.kernel.org/arch/riscv/index.html	setfsgid03_16 1 TCONF : ${NACC_ROOT}/chipyard/software/firemarshal/boards/default/distros/br/buildroot/output/build/ltp-testsuite-custom/testcases/kernel/syscalls/setfsgid/../utils/compat_16.h:122: 16-bit version of setfsgid() is not supported on your platform	setfsgid03_16 setfsgid03_16	results/20260824T013104Z-firemarshal-qemu-br-crun-ltp-0/nacc-ltp-crun-cumulative-results.tsv	results/20260824T013104Z-firemarshal-qemu-br-crun-ltp-0/nacc-ltp-crun-cumulative-environment.tsv
1407	setfsuid01_16	TCONF	architecture_limit	record_platform_limit	https://docs.kernel.org/arch/riscv/index.html	${NACC_ROOT}/chipyard/software/firemarshal/boards/default/distros/br/buildroot/output/build/ltp-testsuite-custom/testcases/kernel/syscalls/setfsuid/../utils/compat_tst_16.h:114: TCONF: 16-bit version of setfsuid() is not supported on your platform	setfsuid01_16 setfsuid01_16	results/20260824T013104Z-firemarshal-qemu-br-crun-ltp-0/nacc-ltp-crun-cumulative-results.tsv	results/20260824T013104Z-firemarshal-qemu-br-crun-ltp-0/nacc-ltp-crun-cumulative-environment.tsv
1409	setfsuid02_16	TCONF	architecture_limit	record_platform_limit	https://docs.kernel.org/arch/riscv/index.html	${NACC_ROOT}/chipyard/software/firemarshal/boards/default/distros/br/buildroot/output/build/ltp-testsuite-custom/testcases/kernel/syscalls/setfsuid/../utils/compat_tst_16.h:114: TCONF: 16-bit version of setfsuid() is not supported on your platform	setfsuid02_16 setfsuid02_16	results/20260824T013104Z-firemarshal-qemu-br-crun-ltp-0/nacc-ltp-crun-cumulative-results.tsv	results/20260824T013104Z-firemarshal-qemu-br-crun-ltp-0/nacc-ltp-crun-cumulative-environment.tsv
1411	setfsuid03_16	TCONF	architecture_limit	record_platform_limit	https://docs.kernel.org/arch/riscv/index.html	${NACC_ROOT}/chipyard/software/firemarshal/boards/default/distros/br/buildroot/output/build/ltp-testsuite-custom/testcases/kernel/syscalls/setfsuid/../utils/compat_tst_16.h:114: TCONF: 16-bit version of setfsuid() is not supported on your platform	setfsuid03_16 setfsuid03_16	results/20260824T013104Z-firemarshal-qemu-br-crun-ltp-0/nacc-ltp-crun-cumulative-results.tsv	results/20260824T013104Z-firemarshal-qemu-br-crun-ltp-0/nacc-ltp-crun-cumulative-environment.tsv
1413	setfsuid04_16	TCONF	architecture_limit	record_platform_limit	https://docs.kernel.org/arch/riscv/index.html	setfsuid04_16 1 TCONF : ${NACC_ROOT}/chipyard/software/firemarshal/boards/default/distros/br/buildroot/output/build/ltp-testsuite-custom/testcases/kernel/syscalls/setfsuid/../utils/compat_16.h:117: 16-bit version of setfsuid() is not supported on your platform	setfsuid04_16 setfsuid04_16	results/20260824T013104Z-firemarshal-qemu-br-crun-ltp-0/nacc-ltp-crun-cumulative-results.tsv	results/20260824T013104Z-firemarshal-qemu-br-crun-ltp-0/nacc-ltp-crun-cumulative-environment.tsv
1416	setgid01_16	TCONF	architecture_limit	record_platform_limit	https://docs.kernel.org/arch/riscv/index.html	${NACC_ROOT}/chipyard/software/firemarshal/boards/default/distros/br/buildroot/output/build/ltp-testsuite-custom/testcases/kernel/syscalls/setgid/../utils/compat_tst_16.h:94: TCONF: 16-bit version of setgid() is not supported on your platform	setgid01_16 setgid01_16	results/20260824T013104Z-firemarshal-qemu-br-crun-ltp-0/nacc-ltp-crun-cumulative-results.tsv	results/20260824T013104Z-firemarshal-qemu-br-crun-ltp-0/nacc-ltp-crun-cumulative-environment.tsv
1418	setgid02_16	TCONF	architecture_limit	record_platform_limit	https://docs.kernel.org/arch/riscv/index.html	${NACC_ROOT}/chipyard/software/firemarshal/boards/default/distros/br/buildroot/output/build/ltp-testsuite-custom/testcases/kernel/syscalls/setgid/../utils/compat_tst_16.h:94: TCONF: 16-bit version of setgid() is not supported on your platform	setgid02_16 setgid02_16	results/20260824T013104Z-firemarshal-qemu-br-crun-ltp-0/nacc-ltp-crun-cumulative-results.tsv	results/20260824T013104Z-firemarshal-qemu-br-crun-ltp-0/nacc-ltp-crun-cumulative-environment.tsv
1420	setgid03_16	TCONF	architecture_limit	record_platform_limit	https://docs.kernel.org/arch/riscv/index.html	${NACC_ROOT}/chipyard/software/firemarshal/boards/default/distros/br/buildroot/output/build/ltp-testsuite-custom/testcases/kernel/syscalls/setgid/../utils/compat_tst_16.h:94: TCONF: 16-bit version of setgid() is not supported on your platform	setgid03_16 setgid03_16	results/20260824T013104Z-firemarshal-qemu-br-crun-ltp-0/nacc-ltp-crun-cumulative-results.tsv	results/20260824T013104Z-firemarshal-qemu-br-crun-ltp-0/nacc-ltp-crun-cumulative-environment.tsv
1425	sgetmask01	TCONF	architecture_limit	record_platform_limit	https://docs.kernel.org/arch/riscv/index.html	sgetmask01 1 TCONF : sgetmask01.c:128: syscall(-1) __NR_ssetmask not supported on your arch	sgetmask01 sgetmask01	results/20260824T013104Z-firemarshal-qemu-br-crun-ltp-0/nacc-ltp-crun-cumulative-results.tsv	results/20260824T013104Z-firemarshal-qemu-br-crun-ltp-0/nacc-ltp-crun-cumulative-environment.tsv
1428	setgroups01_16	TCONF	architecture_limit	record_platform_limit	https://docs.kernel.org/arch/riscv/index.html	${NACC_ROOT}/chipyard/software/firemarshal/boards/default/distros/br/buildroot/output/build/ltp-testsuite-custom/testcases/kernel/syscalls/setgroups/../utils/compat_tst_16.h:79: TCONF: 16-bit version of getgroups() is not supported on your platform	setgroups01_16 setgroups01_16	results/20260824T013104Z-firemarshal-qemu-br-crun-ltp-0/nacc-ltp-crun-cumulative-results.tsv	results/20260824T013104Z-firemarshal-qemu-br-crun-ltp-0/nacc-ltp-crun-cumulative-environment.tsv
1430	setgroups02_16	TCONF	architecture_limit	record_platform_limit	https://docs.kernel.org/arch/riscv/index.html	${NACC_ROOT}/chipyard/software/firemarshal/boards/default/distros/br/buildroot/output/build/ltp-testsuite-custom/testcases/kernel/syscalls/setgroups/../utils/compat_tst_16.h:74: TCONF: 16-bit version of setgroups() is not supported on your platform	setgroups02_16 setgroups02_16	results/20260824T013104Z-firemarshal-qemu-br-crun-ltp-0/nacc-ltp-crun-cumulative-results.tsv	results/20260824T013104Z-firemarshal-qemu-br-crun-ltp-0/nacc-ltp-crun-cumulative-environment.tsv
1432	setgroups03_16	TCONF	architecture_limit	record_platform_limit	https://docs.kernel.org/arch/riscv/index.html	${NACC_ROOT}/chipyard/software/firemarshal/boards/default/distros/br/buildroot/output/build/ltp-testsuite-custom/testcases/kernel/syscalls/setgroups/../utils/compat_tst_16.h:74: TCONF: 16-bit version of setgroups() is not supported on your platform	setgroups03_16 setgroups03_16	results/20260824T013104Z-firemarshal-qemu-br-crun-ltp-0/nacc-ltp-crun-cumulative-results.tsv	results/20260824T013104Z-firemarshal-qemu-br-crun-ltp-0/nacc-ltp-crun-cumulative-environment.tsv
1455	setregid01_16	TCONF	architecture_limit	record_platform_limit	https://docs.kernel.org/arch/riscv/index.html	${NACC_ROOT}/chipyard/software/firemarshal/boards/default/distros/br/buildroot/output/build/ltp-testsuite-custom/testcases/kernel/syscalls/setregid/../utils/compat_tst_16.h:128: TCONF: 16-bit version of setregid() is not supported on your platform	setregid01_16 setregid01_16	results/20260824T013104Z-firemarshal-qemu-br-crun-ltp-0/nacc-ltp-crun-cumulative-results.tsv	results/20260824T013104Z-firemarshal-qemu-br-crun-ltp-0/nacc-ltp-crun-cumulative-environment.tsv
1457	setregid02_16	TCONF	architecture_limit	record_platform_limit	https://docs.kernel.org/arch/riscv/index.html	${NACC_ROOT}/chipyard/software/firemarshal/boards/default/distros/br/buildroot/output/build/ltp-testsuite-custom/testcases/kernel/syscalls/setregid/../utils/compat_tst_16.h:128: TCONF: 16-bit version of setregid() is not supported on your platform	setregid02_16 setregid02_16	results/20260824T013104Z-firemarshal-qemu-br-crun-ltp-0/nacc-ltp-crun-cumulative-results.tsv	results/20260824T013104Z-firemarshal-qemu-br-crun-ltp-0/nacc-ltp-crun-cumulative-environment.tsv
1459	setregid03_16	TCONF	architecture_limit	record_platform_limit	https://docs.kernel.org/arch/riscv/index.html	${NACC_ROOT}/chipyard/software/firemarshal/boards/default/distros/br/buildroot/output/build/ltp-testsuite-custom/testcases/kernel/syscalls/setregid/../utils/compat_tst_16.h:128: TCONF: 16-bit version of setregid() is not supported on your platform	setregid03_16 setregid03_16	results/20260824T013104Z-firemarshal-qemu-br-crun-ltp-0/nacc-ltp-crun-cumulative-results.tsv	results/20260824T013104Z-firemarshal-qemu-br-crun-ltp-0/nacc-ltp-crun-cumulative-environment.tsv
1461	setregid04_16	TCONF	architecture_limit	record_platform_limit	https://docs.kernel.org/arch/riscv/index.html	${NACC_ROOT}/chipyard/software/firemarshal/boards/default/distros/br/buildroot/output/build/ltp-testsuite-custom/testcases/kernel/syscalls/setregid/../utils/compat_tst_16.h:128: TCONF: 16-bit version of setregid() is not supported on your platform	setregid04_16 setregid04_16	results/20260824T013104Z-firemarshal-qemu-br-crun-ltp-0/nacc-ltp-crun-cumulative-results.tsv	results/20260824T013104Z-firemarshal-qemu-br-crun-ltp-0/nacc-ltp-crun-cumulative-environment.tsv
1464	setresgid01_16	TCONF	architecture_limit	record_platform_limit	https://docs.kernel.org/arch/riscv/index.html	${NACC_ROOT}/chipyard/software/firemarshal/boards/default/distros/br/buildroot/output/build/ltp-testsuite-custom/testcases/kernel/syscalls/setresgid/../utils/compat_tst_16.h:138: TCONF: 16-bit version of setresgid() is not supported on your platform	setresgid01_16 setresgid01_16	results/20260824T013104Z-firemarshal-qemu-br-crun-ltp-0/nacc-ltp-crun-cumulative-results.tsv	results/20260824T013104Z-firemarshal-qemu-br-crun-ltp-0/nacc-ltp-crun-cumulative-environment.tsv
1466	setresgid02_16	TCONF	architecture_limit	record_platform_limit	https://docs.kernel.org/arch/riscv/index.html	${NACC_ROOT}/chipyard/software/firemarshal/boards/default/distros/br/buildroot/output/build/ltp-testsuite-custom/testcases/kernel/syscalls/setresgid/../utils/compat_tst_16.h:138: TCONF: 16-bit version of setresgid() is not supported on your platform	setresgid02_16 setresgid02_16	results/20260824T013104Z-firemarshal-qemu-br-crun-ltp-0/nacc-ltp-crun-cumulative-results.tsv	results/20260824T013104Z-firemarshal-qemu-br-crun-ltp-0/nacc-ltp-crun-cumulative-environment.tsv
1468	setresgid03_16	TCONF	architecture_limit	record_platform_limit	https://docs.kernel.org/arch/riscv/index.html	${NACC_ROOT}/chipyard/software/firemarshal/boards/default/distros/br/buildroot/output/build/ltp-testsuite-custom/testcases/kernel/syscalls/setresgid/../utils/compat_tst_16.h:138: TCONF: 16-bit version of setresgid() is not supported on your platform	setresgid03_16 setresgid03_16	results/20260824T013104Z-firemarshal-qemu-br-crun-ltp-0/nacc-ltp-crun-cumulative-results.tsv	results/20260824T013104Z-firemarshal-qemu-br-crun-ltp-0/nacc-ltp-crun-cumulative-environment.tsv
1470	setresgid04_16	TCONF	architecture_limit	record_platform_limit	https://docs.kernel.org/arch/riscv/index.html	${NACC_ROOT}/chipyard/software/firemarshal/boards/default/distros/br/buildroot/output/build/ltp-testsuite-custom/testcases/kernel/syscalls/setresgid/../utils/compat_tst_16.h:138: TCONF: 16-bit version of setresgid() is not supported on your platform	setresgid04_16 setresgid04_16	results/20260824T013104Z-firemarshal-qemu-br-crun-ltp-0/nacc-ltp-crun-cumulative-results.tsv	results/20260824T013104Z-firemarshal-qemu-br-crun-ltp-0/nacc-ltp-crun-cumulative-environment.tsv
1473	setresuid01_16	TCONF	architecture_limit	record_platform_limit	https://docs.kernel.org/arch/riscv/index.html	${NACC_ROOT}/chipyard/software/firemarshal/boards/default/distros/br/buildroot/output/build/ltp-testsuite-custom/testcases/kernel/syscalls/setresuid/../utils/compat_tst_16.h:133: TCONF: 16-bit version of setresuid() is not supported on your platform	setresuid01_16 setresuid01_16	results/20260824T013104Z-firemarshal-qemu-br-crun-ltp-0/nacc-ltp-crun-cumulative-results.tsv	results/20260824T013104Z-firemarshal-qemu-br-crun-ltp-0/nacc-ltp-crun-cumulative-environment.tsv
1475	setresuid02_16	TCONF	architecture_limit	record_platform_limit	https://docs.kernel.org/arch/riscv/index.html	${NACC_ROOT}/chipyard/software/firemarshal/boards/default/distros/br/buildroot/output/build/ltp-testsuite-custom/testcases/kernel/syscalls/setresuid/../utils/compat_tst_16.h:133: TCONF: 16-bit version of setresuid() is not supported on your platform	setresuid02_16 setresuid02_16	results/20260824T013104Z-firemarshal-qemu-br-crun-ltp-0/nacc-ltp-crun-cumulative-results.tsv	results/20260824T013104Z-firemarshal-qemu-br-crun-ltp-0/nacc-ltp-crun-cumulative-environment.tsv
1477	setresuid03_16	TCONF	architecture_limit	record_platform_limit	https://docs.kernel.org/arch/riscv/index.html	${NACC_ROOT}/chipyard/software/firemarshal/boards/default/distros/br/buildroot/output/build/ltp-testsuite-custom/testcases/kernel/syscalls/setresuid/../utils/compat_tst_16.h:133: TCONF: 16-bit version of setresuid() is not supported on your platform	setresuid03_16 setresuid03_16	results/20260824T013104Z-firemarshal-qemu-br-crun-ltp-0/nacc-ltp-crun-cumulative-results.tsv	results/20260824T013104Z-firemarshal-qemu-br-crun-ltp-0/nacc-ltp-crun-cumulative-environment.tsv
1479	setresuid04_16	TCONF	architecture_limit	record_platform_limit	https://docs.kernel.org/arch/riscv/index.html	${NACC_ROOT}/chipyard/software/firemarshal/boards/default/distros/br/buildroot/output/build/ltp-testsuite-custom/testcases/kernel/syscalls/setresuid/../utils/compat_tst_16.h:133: TCONF: 16-bit version of setresuid() is not supported on your platform	setresuid04_16 setresuid04_16	results/20260824T013104Z-firemarshal-qemu-br-crun-ltp-0/nacc-ltp-crun-cumulative-results.tsv	results/20260824T013104Z-firemarshal-qemu-br-crun-ltp-0/nacc-ltp-crun-cumulative-environment.tsv
1481	setresuid05_16	TCONF	architecture_limit	record_platform_limit	https://docs.kernel.org/arch/riscv/index.html	${NACC_ROOT}/chipyard/software/firemarshal/boards/default/distros/br/buildroot/output/build/ltp-testsuite-custom/testcases/kernel/syscalls/setresuid/../utils/compat_tst_16.h:133: TCONF: 16-bit version of setresuid() is not supported on your platform	setresuid05_16 setresuid05_16	results/20260824T013104Z-firemarshal-qemu-br-crun-ltp-0/nacc-ltp-crun-cumulative-results.tsv	results/20260824T013104Z-firemarshal-qemu-br-crun-ltp-0/nacc-ltp-crun-cumulative-environment.tsv
1484	setreuid01_16	TCONF	architecture_limit	record_platform_limit	https://docs.kernel.org/arch/riscv/index.html	${NACC_ROOT}/chipyard/software/firemarshal/boards/default/distros/br/buildroot/output/build/ltp-testsuite-custom/testcases/kernel/syscalls/setreuid/../utils/compat_tst_16.h:124: TCONF: 16-bit version of setreuid() is not supported on your platform	setreuid01_16 setreuid01_16	results/20260824T013104Z-firemarshal-qemu-br-crun-ltp-0/nacc-ltp-crun-cumulative-results.tsv	results/20260824T013104Z-firemarshal-qemu-br-crun-ltp-0/nacc-ltp-crun-cumulative-environment.tsv
1486	setreuid02_16	TCONF	architecture_limit	record_platform_limit	https://docs.kernel.org/arch/riscv/index.html	${NACC_ROOT}/chipyard/software/firemarshal/boards/default/distros/br/buildroot/output/build/ltp-testsuite-custom/testcases/kernel/syscalls/setreuid/../utils/compat_tst_16.h:124: TCONF: 16-bit version of setreuid() is not supported on your platform	setreuid02_16 setreuid02_16	results/20260824T013104Z-firemarshal-qemu-br-crun-ltp-0/nacc-ltp-crun-cumulative-results.tsv	results/20260824T013104Z-firemarshal-qemu-br-crun-ltp-0/nacc-ltp-crun-cumulative-environment.tsv
1488	setreuid03_16	TCONF	architecture_limit	record_platform_limit	https://docs.kernel.org/arch/riscv/index.html	${NACC_ROOT}/chipyard/software/firemarshal/boards/default/distros/br/buildroot/output/build/ltp-testsuite-custom/testcases/kernel/syscalls/setreuid/../utils/compat_tst_16.h:124: TCONF: 16-bit version of setreuid() is not supported on your platform	setreuid03_16 setreuid03_16	results/20260824T013104Z-firemarshal-qemu-br-crun-ltp-0/nacc-ltp-crun-cumulative-results.tsv	results/20260824T013104Z-firemarshal-qemu-br-crun-ltp-0/nacc-ltp-crun-cumulative-environment.tsv
1490	setreuid04_16	TCONF	architecture_limit	record_platform_limit	https://docs.kernel.org/arch/riscv/index.html	${NACC_ROOT}/chipyard/software/firemarshal/boards/default/distros/br/buildroot/output/build/ltp-testsuite-custom/testcases/kernel/syscalls/setreuid/../utils/compat_tst_16.h:124: TCONF: 16-bit version of setreuid() is not supported on your platform	setreuid04_16 setreuid04_16	results/20260824T013104Z-firemarshal-qemu-br-crun-ltp-0/nacc-ltp-crun-cumulative-results.tsv	results/20260824T013104Z-firemarshal-qemu-br-crun-ltp-0/nacc-ltp-crun-cumulative-environment.tsv
1492	setreuid05_16	TCONF	architecture_limit	record_platform_limit	https://docs.kernel.org/arch/riscv/index.html	${NACC_ROOT}/chipyard/software/firemarshal/boards/default/distros/br/buildroot/output/build/ltp-testsuite-custom/testcases/kernel/syscalls/setreuid/../utils/compat_tst_16.h:124: TCONF: 16-bit version of setreuid() is not supported on your platform	setreuid05_16 setreuid05_16	results/20260824T013104Z-firemarshal-qemu-br-crun-ltp-0/nacc-ltp-crun-cumulative-results.tsv	results/20260824T013104Z-firemarshal-qemu-br-crun-ltp-0/nacc-ltp-crun-cumulative-environment.tsv
1494	setreuid06_16	TCONF	architecture_limit	record_platform_limit	https://docs.kernel.org/arch/riscv/index.html	${NACC_ROOT}/chipyard/software/firemarshal/boards/default/distros/br/buildroot/output/build/ltp-testsuite-custom/testcases/kernel/syscalls/setreuid/../utils/compat_tst_16.h:124: TCONF: 16-bit version of setreuid() is not supported on your platform	setreuid06_16 setreuid06_16	results/20260824T013104Z-firemarshal-qemu-br-crun-ltp-0/nacc-ltp-crun-cumulative-results.tsv	results/20260824T013104Z-firemarshal-qemu-br-crun-ltp-0/nacc-ltp-crun-cumulative-environment.tsv
1496	setreuid07_16	TCONF	architecture_limit	record_platform_limit	https://docs.kernel.org/arch/riscv/index.html	${NACC_ROOT}/chipyard/software/firemarshal/boards/default/distros/br/buildroot/output/build/ltp-testsuite-custom/testcases/kernel/syscalls/setreuid/../utils/compat_tst_16.h:124: TCONF: 16-bit version of setreuid() is not supported on your platform	setreuid07_16 setreuid07_16	results/20260824T013104Z-firemarshal-qemu-br-crun-ltp-0/nacc-ltp-crun-cumulative-results.tsv	results/20260824T013104Z-firemarshal-qemu-br-crun-ltp-0/nacc-ltp-crun-cumulative-environment.tsv
1522	setuid01_16	TCONF	architecture_limit	record_platform_limit	https://docs.kernel.org/arch/riscv/index.html	${NACC_ROOT}/chipyard/software/firemarshal/boards/default/distros/br/buildroot/output/build/ltp-testsuite-custom/testcases/kernel/syscalls/setuid/../utils/compat_tst_16.h:84: TCONF: 16-bit version of setuid() is not supported on your platform	setuid01_16 setuid01_16	results/20260824T013104Z-firemarshal-qemu-br-crun-ltp-0/nacc-ltp-crun-cumulative-results.tsv	results/20260824T013104Z-firemarshal-qemu-br-crun-ltp-0/nacc-ltp-crun-cumulative-environment.tsv
1524	setuid03_16	TCONF	architecture_limit	record_platform_limit	https://docs.kernel.org/arch/riscv/index.html	${NACC_ROOT}/chipyard/software/firemarshal/boards/default/distros/br/buildroot/output/build/ltp-testsuite-custom/testcases/kernel/syscalls/setuid/../utils/compat_tst_16.h:84: TCONF: 16-bit version of setuid() is not supported on your platform	setuid03_16 setuid03_16	results/20260824T013104Z-firemarshal-qemu-br-crun-ltp-0/nacc-ltp-crun-cumulative-results.tsv	results/20260824T013104Z-firemarshal-qemu-br-crun-ltp-0/nacc-ltp-crun-cumulative-environment.tsv
1526	setuid04_16	TCONF	architecture_limit	record_platform_limit	https://docs.kernel.org/arch/riscv/index.html	${NACC_ROOT}/chipyard/software/firemarshal/boards/default/distros/br/buildroot/output/build/ltp-testsuite-custom/testcases/kernel/syscalls/setuid/../utils/compat_tst_16.h:84: TCONF: 16-bit version of setuid() is not supported on your platform	setuid04_16 setuid04_16	results/20260824T013104Z-firemarshal-qemu-br-crun-ltp-0/nacc-ltp-crun-cumulative-results.tsv	results/20260824T013104Z-firemarshal-qemu-br-crun-ltp-0/nacc-ltp-crun-cumulative-environment.tsv
1535	shmat04	TFAIL	kernel_regression	requires_kernel_fix_or_backport	https://lore.kernel.org/all/20240222215930.14637-2-vbabka@suse.cz/	shmat04.c:66: TFAIL: shmid_ds.shm_nattch (1) != 0 (0)	shmat04 shmat04	results/20260824T013104Z-firemarshal-qemu-br-crun-ltp-0/nacc-ltp-crun-cumulative-results.tsv	results/20260824T013104Z-firemarshal-qemu-br-crun-ltp-0/nacc-ltp-crun-cumulative-environment.tsv
1542	shmctl06	TCONF	feature_or_policy_limit	inspect_feature_support	https://docs.kernel.org/arch/riscv/index.html	tst_test.c:1414: TCONF: test requires struct shmid64_ds to have the time_high fields	shmctl06 shmctl06	results/20260824T013104Z-firemarshal-qemu-br-crun-ltp-0/nacc-ltp-crun-cumulative-results.tsv	results/20260824T013104Z-firemarshal-qemu-br-crun-ltp-0/nacc-ltp-crun-cumulative-environment.tsv
1572	signal06	TCONF	architecture_limit	record_platform_limit	https://docs.kernel.org/arch/riscv/index.html	signal06 1 TCONF : signal06.c:171: Only test on x86_64.	signal06 signal06	results/20260824T013104Z-firemarshal-qemu-br-crun-ltp-0/nacc-ltp-crun-cumulative-results.tsv	results/20260824T013104Z-firemarshal-qemu-br-crun-ltp-0/nacc-ltp-crun-cumulative-environment.tsv
1597	socketcall01	TCONF	architecture_limit	record_platform_limit	https://docs.kernel.org/arch/riscv/index.html	socketcall01.c:39: TCONF: syscall(-1) __NR_socketcall not supported on your arch	socketcall01 socketcall01	results/20260824T013104Z-firemarshal-qemu-br-crun-ltp-0/nacc-ltp-crun-cumulative-results.tsv	results/20260824T013104Z-firemarshal-qemu-br-crun-ltp-0/nacc-ltp-crun-cumulative-environment.tsv
1598	socketcall02	TCONF	architecture_limit	record_platform_limit	https://docs.kernel.org/arch/riscv/index.html	socketcall02.c:38: TCONF: syscall(-1) __NR_socketcall not supported on your arch	socketcall02 socketcall02	results/20260824T013104Z-firemarshal-qemu-br-crun-ltp-0/nacc-ltp-crun-cumulative-results.tsv	results/20260824T013104Z-firemarshal-qemu-br-crun-ltp-0/nacc-ltp-crun-cumulative-environment.tsv
1599	socketcall03	TCONF	architecture_limit	record_platform_limit	https://docs.kernel.org/arch/riscv/index.html	socketcall03.c:32: TCONF: syscall(-1) __NR_socketcall not supported on your arch	socketcall03 socketcall03	results/20260824T013104Z-firemarshal-qemu-br-crun-ltp-0/nacc-ltp-crun-cumulative-results.tsv	results/20260824T013104Z-firemarshal-qemu-br-crun-ltp-0/nacc-ltp-crun-cumulative-environment.tsv
1613	splice08	TCONF	kernel_version_limit	record_platform_limit	https://docs.kernel.org/	tst_test.c:1080: TCONF: The test requires kernel 6.7 or newer	splice08 splice08	results/20260824T013104Z-firemarshal-qemu-br-crun-ltp-0/nacc-ltp-crun-cumulative-results.tsv	results/20260824T013104Z-firemarshal-qemu-br-crun-ltp-0/nacc-ltp-crun-cumulative-environment.tsv
1614	splice09	TCONF	kernel_version_limit	record_platform_limit	https://docs.kernel.org/	tst_test.c:1080: TCONF: The test requires kernel 6.7 or newer	splice09 splice09	results/20260824T013104Z-firemarshal-qemu-br-crun-ltp-0/nacc-ltp-crun-cumulative-results.tsv	results/20260824T013104Z-firemarshal-qemu-br-crun-ltp-0/nacc-ltp-crun-cumulative-environment.tsv
1619	ssetmask01	TCONF	architecture_limit	record_platform_limit	https://docs.kernel.org/arch/riscv/index.html	ssetmask01 1 TCONF : ssetmask01.c:115: syscall(-1) __NR_ssetmask not supported on your arch	ssetmask01 ssetmask01	results/20260824T013104Z-firemarshal-qemu-br-crun-ltp-0/nacc-ltp-crun-cumulative-results.tsv	results/20260824T013104Z-firemarshal-qemu-br-crun-ltp-0/nacc-ltp-crun-cumulative-environment.tsv
1630	statmount01	TCONF	kernel_version_limit	record_platform_limit	https://docs.kernel.org/	tst_test.c:1080: TCONF: The test requires kernel 6.8 or newer	statmount01 statmount01	results/20260824T013104Z-firemarshal-qemu-br-crun-ltp-0/nacc-ltp-crun-cumulative-results.tsv	results/20260824T013104Z-firemarshal-qemu-br-crun-ltp-0/nacc-ltp-crun-cumulative-environment.tsv
1631	statmount02	TCONF	kernel_version_limit	record_platform_limit	https://docs.kernel.org/	tst_test.c:1080: TCONF: The test requires kernel 6.8 or newer	statmount02 statmount02	results/20260824T013104Z-firemarshal-qemu-br-crun-ltp-0/nacc-ltp-crun-cumulative-results.tsv	results/20260824T013104Z-firemarshal-qemu-br-crun-ltp-0/nacc-ltp-crun-cumulative-environment.tsv
1632	statmount03	TCONF	kernel_version_limit	record_platform_limit	https://docs.kernel.org/	tst_test.c:1080: TCONF: The test requires kernel 6.8 or newer	statmount03 statmount03	results/20260824T013104Z-firemarshal-qemu-br-crun-ltp-0/nacc-ltp-crun-cumulative-results.tsv	results/20260824T013104Z-firemarshal-qemu-br-crun-ltp-0/nacc-ltp-crun-cumulative-environment.tsv
1633	statmount04	TCONF	kernel_version_limit	record_platform_limit	https://docs.kernel.org/	tst_test.c:1080: TCONF: The test requires kernel 6.8 or newer	statmount04 statmount04	results/20260824T013104Z-firemarshal-qemu-br-crun-ltp-0/nacc-ltp-crun-cumulative-results.tsv	results/20260824T013104Z-firemarshal-qemu-br-crun-ltp-0/nacc-ltp-crun-cumulative-environment.tsv
1634	statmount05	TCONF	kernel_version_limit	record_platform_limit	https://docs.kernel.org/	tst_test.c:1080: TCONF: The test requires kernel 6.8 or newer	statmount05 statmount05	results/20260824T013104Z-firemarshal-qemu-br-crun-ltp-0/nacc-ltp-crun-cumulative-results.tsv	results/20260824T013104Z-firemarshal-qemu-br-crun-ltp-0/nacc-ltp-crun-cumulative-environment.tsv
1635	statmount06	TCONF	kernel_version_limit	record_platform_limit	https://docs.kernel.org/	tst_test.c:1080: TCONF: The test requires kernel 6.8 or newer	statmount06 statmount06	results/20260824T013104Z-firemarshal-qemu-br-crun-ltp-0/nacc-ltp-crun-cumulative-results.tsv	results/20260824T013104Z-firemarshal-qemu-br-crun-ltp-0/nacc-ltp-crun-cumulative-environment.tsv
1636	statmount07	TCONF	kernel_version_limit	record_platform_limit	https://docs.kernel.org/	tst_test.c:1080: TCONF: The test requires kernel 6.8 or newer	statmount07 statmount07	results/20260824T013104Z-firemarshal-qemu-br-crun-ltp-0/nacc-ltp-crun-cumulative-results.tsv	results/20260824T013104Z-firemarshal-qemu-br-crun-ltp-0/nacc-ltp-crun-cumulative-environment.tsv
1637	statmount08	TCONF	kernel_version_limit	record_platform_limit	https://docs.kernel.org/	tst_test.c:1080: TCONF: The test requires kernel 6.8 or newer	statmount08 statmount08	results/20260824T013104Z-firemarshal-qemu-br-crun-ltp-0/nacc-ltp-crun-cumulative-results.tsv	results/20260824T013104Z-firemarshal-qemu-br-crun-ltp-0/nacc-ltp-crun-cumulative-environment.tsv
1638	statmount09	TCONF	kernel_version_limit	record_platform_limit	https://docs.kernel.org/	tst_test.c:1080: TCONF: The test requires kernel 6.11 or newer	statmount09 statmount09	results/20260824T013104Z-firemarshal-qemu-br-crun-ltp-0/nacc-ltp-crun-cumulative-results.tsv	results/20260824T013104Z-firemarshal-qemu-br-crun-ltp-0/nacc-ltp-crun-cumulative-environment.tsv
1663	switch01	TCONF	feature_or_policy_limit	inspect_feature_support	https://docs.kernel.org/arch/riscv/index.html	tst_test.c:1414: TCONF: This system does not support running of switch() syscall	switch01 endian_switch01	results/20260824T013104Z-firemarshal-qemu-br-crun-ltp-0/nacc-ltp-crun-cumulative-results.tsv	results/20260824T013104Z-firemarshal-qemu-br-crun-ltp-0/nacc-ltp-crun-cumulative-environment.tsv
1684	sysctl01	TCONF	architecture_limit	record_platform_limit	https://docs.kernel.org/arch/riscv/index.html	sysctl01.c:53: TCONF: syscall(-1) __NR__sysctl not supported on your arch	sysctl01 sysctl01	results/20260824T013104Z-firemarshal-qemu-br-crun-ltp-0/nacc-ltp-crun-cumulative-results.tsv	results/20260824T013104Z-firemarshal-qemu-br-crun-ltp-0/nacc-ltp-crun-cumulative-environment.tsv
1685	sysctl03	TCONF	architecture_limit	record_platform_limit	https://docs.kernel.org/arch/riscv/index.html	sysctl03.c:55: TCONF: syscall(-1) __NR__sysctl not supported on your arch	sysctl03 sysctl03	results/20260824T013104Z-firemarshal-qemu-br-crun-ltp-0/nacc-ltp-crun-cumulative-results.tsv	results/20260824T013104Z-firemarshal-qemu-br-crun-ltp-0/nacc-ltp-crun-cumulative-environment.tsv
1686	sysctl04	TCONF	architecture_limit	record_platform_limit	https://docs.kernel.org/arch/riscv/index.html	sysctl04.c:52: TCONF: syscall(-1) __NR__sysctl not supported on your arch	sysctl04 sysctl04	results/20260824T013104Z-firemarshal-qemu-br-crun-ltp-0/nacc-ltp-crun-cumulative-results.tsv	results/20260824T013104Z-firemarshal-qemu-br-crun-ltp-0/nacc-ltp-crun-cumulative-environment.tsv
1688	sysfs01	TCONF	architecture_limit	record_platform_limit	https://docs.kernel.org/arch/riscv/index.html	sysfs01.c:20: TCONF: syscall(-1) __NR_sysfs not supported on your arch	sysfs01 sysfs01	results/20260824T013104Z-firemarshal-qemu-br-crun-ltp-0/nacc-ltp-crun-cumulative-results.tsv	results/20260824T013104Z-firemarshal-qemu-br-crun-ltp-0/nacc-ltp-crun-cumulative-environment.tsv
1689	sysfs02	TCONF	architecture_limit	record_platform_limit	https://docs.kernel.org/arch/riscv/index.html	sysfs02.c:23: TCONF: syscall(-1) __NR_sysfs not supported on your arch	sysfs02 sysfs02	results/20260824T013104Z-firemarshal-qemu-br-crun-ltp-0/nacc-ltp-crun-cumulative-results.tsv	results/20260824T013104Z-firemarshal-qemu-br-crun-ltp-0/nacc-ltp-crun-cumulative-environment.tsv
1690	sysfs03	TCONF	architecture_limit	record_platform_limit	https://docs.kernel.org/arch/riscv/index.html	sysfs03.c:19: TCONF: syscall(-1) __NR_sysfs not supported on your arch	sysfs03 sysfs03	results/20260824T013104Z-firemarshal-qemu-br-crun-ltp-0/nacc-ltp-crun-cumulative-results.tsv	results/20260824T013104Z-firemarshal-qemu-br-crun-ltp-0/nacc-ltp-crun-cumulative-environment.tsv
1691	sysfs04	TCONF	architecture_limit	record_platform_limit	https://docs.kernel.org/arch/riscv/index.html	sysfs04.c:20: TCONF: syscall(-1) __NR_sysfs not supported on your arch	sysfs04 sysfs04	results/20260824T013104Z-firemarshal-qemu-br-crun-ltp-0/nacc-ltp-crun-cumulative-results.tsv	results/20260824T013104Z-firemarshal-qemu-br-crun-ltp-0/nacc-ltp-crun-cumulative-environment.tsv
1692	sysfs05	TCONF	architecture_limit	record_platform_limit	https://docs.kernel.org/arch/riscv/index.html	sysfs05.c:33: TCONF: syscall(-1) __NR_sysfs not supported on your arch	sysfs05 sysfs05	results/20260824T013104Z-firemarshal-qemu-br-crun-ltp-0/nacc-ltp-crun-cumulative-results.tsv	results/20260824T013104Z-firemarshal-qemu-br-crun-ltp-0/nacc-ltp-crun-cumulative-environment.tsv
1782	userfaultfd02	TCONF	kernel_version_limit	record_platform_limit	https://docs.kernel.org/	tst_test.c:1080: TCONF: The test requires kernel 6.8 or newer	userfaultfd02 userfaultfd02	results/20260824T013104Z-firemarshal-qemu-br-crun-ltp-0/nacc-ltp-crun-cumulative-results.tsv	results/20260824T013104Z-firemarshal-qemu-br-crun-ltp-0/nacc-ltp-crun-cumulative-environment.tsv
1785	userfaultfd05	TCONF	kernel_config_or_policy	inspect_kernel_or_guest_setup	https://docs.kernel.org/kbuild/kconfig.html	tst_test.c:1453: TCONF: Aborting due to unsuitable kernel config, see above!	userfaultfd05 userfaultfd05	results/20260824T013104Z-firemarshal-qemu-br-crun-ltp-0/nacc-ltp-crun-cumulative-results.tsv	results/20260824T013104Z-firemarshal-qemu-br-crun-ltp-0/nacc-ltp-crun-cumulative-environment.tsv
1788	ustat01	TCONF	architecture_limit	record_platform_limit	https://docs.kernel.org/arch/riscv/index.html	ustat01.c:26: TCONF: syscall(-1) __NR_ustat not supported on your arch	ustat01 ustat01	results/20260824T013104Z-firemarshal-qemu-br-crun-ltp-0/nacc-ltp-crun-cumulative-results.tsv	results/20260824T013104Z-firemarshal-qemu-br-crun-ltp-0/nacc-ltp-crun-cumulative-environment.tsv
1789	ustat02	TCONF	architecture_limit	record_platform_limit	https://docs.kernel.org/arch/riscv/index.html	ustat02.c:40: TCONF: syscall(-1) __NR_ustat not supported on your arch	ustat02 ustat02	results/20260824T013104Z-firemarshal-qemu-br-crun-ltp-0/nacc-ltp-crun-cumulative-results.tsv	results/20260824T013104Z-firemarshal-qemu-br-crun-ltp-0/nacc-ltp-crun-cumulative-environment.tsv
1856	writev03	TCONF	topology_limit	record_platform_limit	https://docs.kernel.org/mm/numa.html	tst_test.c:1492: TCONF: Test needs at least 2 CPUs online	writev03 writev03	results/20260824T013104Z-firemarshal-qemu-br-crun-ltp-0/nacc-ltp-crun-cumulative-results.tsv	results/20260824T013104Z-firemarshal-qemu-br-crun-ltp-0/nacc-ltp-crun-cumulative-environment.tsv
1895	statx07	TCONF	device_or_service	record_platform_limit	https://docs.kernel.org/admin-guide/nfs/nfsd-admin-interfaces.html	statx07.c:117: TCONF: nfs-server might not set up	statx07 statx07	results/20260824T013104Z-firemarshal-qemu-br-crun-ltp-0/nacc-ltp-crun-cumulative-results.tsv	results/20260824T013104Z-firemarshal-qemu-br-crun-ltp-0/nacc-ltp-crun-cumulative-environment.tsv
1909	perf_event_open03	TCONF	feature_or_policy_limit	inspect_feature_support	https://docs.kernel.org/arch/riscv/index.html	perf_event_open03.c:41: TCONF: intel_pt is not available	perf_event_open03 perf_event_open03	results/20260824T013104Z-firemarshal-qemu-br-crun-ltp-0/nacc-ltp-crun-cumulative-results.tsv	results/20260824T013104Z-firemarshal-qemu-br-crun-ltp-0/nacc-ltp-crun-cumulative-environment.tsv
