34	arch_prctl01	arch_prctl01 arch_prctl01
63	cacheflush01	cacheflush01 cacheflush01
83	chown01_16	chown01_16 chown01_16
85	chown02_16	chown02_16 chown02_16
87	chown03_16	chown03_16 chown03_16
89	chown04_16	chown04_16 chown04_16
91	chown05_16	chown05_16 chown05_16
127	clone10	clone10 clone10
253	file_attr01	file_attr01 file_attr01
254	file_attr02	file_attr02 file_attr02
255	file_attr03	file_attr03 file_attr03
256	file_attr04	file_attr04 file_attr04
257	file_attr05	file_attr05 file_attr05
288	fchown01_16	fchown01_16 fchown01_16
290	fchown02_16	fchown02_16 fchown02_16
292	fchown03_16	fchown03_16 fchown03_16
294	fchown04_16	fchown04_16 fchown04_16
296	fchown05_16	fchown05_16 fchown05_16
377	fcntl40	fcntl40 fcntl40
378	fcntl40_64	fcntl40_64 fcntl40_64
407	fork05	fork05 fork05
457	ftruncate04	ftruncate04 ftruncate04
458	ftruncate04_64	ftruncate04_64 ftruncate04_64
461	futimesat01	futimesat01 futimesat01
471	getcwd04	getcwd04 getcwd04
484	geteuid01_16	geteuid01_16 geteuid01_16
486	geteuid02_16	geteuid02_16 geteuid02_16
489	getgid01_16	getgid01_16 getgid01_16
491	getgid03_16	getgid03_16 getgid03_16
494	getgroups01_16	getgroups01_16 getgroups01_16
496	getgroups03_16	getgroups03_16 getgroups03_16
533	getresgid01_16	getresgid01_16 getresgid01_16
535	getresgid02_16	getresgid02_16 getresgid02_16
537	getresgid03_16	getresgid03_16 getresgid03_16
540	getresuid01_16	getresuid01_16 getresuid01_16
542	getresuid02_16	getresuid02_16 getresuid02_16
544	getresuid03_16	getresuid03_16 getresuid03_16
574	getuid01_16	getuid01_16 getuid01_16
576	getuid03_16	getuid03_16 getuid03_16
600	ioctl10	ioctl10      ioctl10
627	ioctl_getlbmd01	ioctl_getlbmd01 ioctl_getlbmd01
629	ioctl_pidfd01	ioctl_pidfd01 ioctl_pidfd01
630	ioctl_pidfd02	ioctl_pidfd02 ioctl_pidfd02
631	ioctl_pidfd03	ioctl_pidfd03 ioctl_pidfd03
632	ioctl_pidfd04	ioctl_pidfd04 ioctl_pidfd04
633	ioctl_pidfd05	ioctl_pidfd05 ioctl_pidfd05
634	ioctl_pidfd06	ioctl_pidfd06 ioctl_pidfd06
664	fanotify13	fanotify13 fanotify13
675	fanotify24	fanotify24 fanotify24
678	ioperm01	ioperm01 ioperm01
679	ioperm02	ioperm02 ioperm02
681	iopl01	iopl01 iopl01
682	iopl02	iopl02 iopl02
728	kill13	kill13 kill13
735	landlock06	landlock06 landlock06
736	landlock07	landlock07 landlock07
737	landlock08	landlock08 landlock08
738	landlock09	landlock09 landlock09
739	landlock10	landlock10 landlock10
760	listmount01	listmount01 listmount01
761	listmount02	listmount02 listmount02
762	listmount03	listmount03 listmount03
763	listmount04	listmount04 listmount04
785	lsm_get_self_attr01	lsm_get_self_attr01 lsm_get_self_attr01
786	lsm_get_self_attr02	lsm_get_self_attr02 lsm_get_self_attr02
787	lsm_get_self_attr03	lsm_get_self_attr03 lsm_get_self_attr03
788	lsm_list_modules01	lsm_list_modules01 lsm_list_modules01
789	lsm_list_modules02	lsm_list_modules02 lsm_list_modules02
790	lsm_set_self_attr01	lsm_set_self_attr01 lsm_set_self_attr01
806	mbind02	mbind02 mbind02
807	mbind03	mbind03 mbind03
808	mbind04	mbind04 mbind04
815	migrate_pages02	migrate_pages02 migrate_pages02
816	migrate_pages03	migrate_pages03 migrate_pages03
877	mmap22	mmap22 mmap22
879	modify_ldt01	modify_ldt01 modify_ldt01
880	modify_ldt02	modify_ldt02 modify_ldt02
889	mount08	mount08 mount08
898	move_pages01	move_pages01 move_pages01
899	move_pages02	move_pages02 move_pages02
900	move_pages03	move_pages03 move_pages03
901	move_pages04	move_pages04 move_pages04
902	move_pages05	move_pages05 move_pages05
903	move_pages06	move_pages06 move_pages06
904	move_pages07	move_pages07 move_pages07
905	move_pages09	move_pages09 move_pages09
906	move_pages10	move_pages10 move_pages10
907	move_pages11	move_pages11 move_pages11
908	move_pages12	move_pages12 move_pages12
916	pkey01	pkey01 pkey01
934	mseal01	mseal01 mseal01
935	mseal02	mseal02 mseal02
941	msgctl05	msgctl05 msgctl05
986	name_to_handle_at03	name_to_handle_at03 name_to_handle_at03
1037	madvise07	madvise07 madvise07
1041	madvise11	madvise11 madvise11
1042	madvise12	madvise12 madvise12
1114	prctl10	prctl10 prctl10
1160	ptrace04	ptrace04 ptrace04
1163	ptrace07	ptrace07 ptrace07
1164	ptrace08	ptrace08 ptrace08
1165	ptrace09	ptrace09 ptrace09
1166	ptrace10	ptrace10 ptrace10
1210	readdir21	readdir21 readdir21
1224	reboot01	reboot01 reboot01
1288	sbrk03	sbrk03 sbrk03
1340	semctl08	semctl08 semctl08
1385	set_mempolicy01	set_mempolicy01 set_mempolicy01
1386	set_mempolicy02	set_mempolicy02 set_mempolicy02
1387	set_mempolicy03	set_mempolicy03 set_mempolicy03
1388	set_mempolicy04	set_mempolicy04 set_mempolicy04
1391	set_thread_area01	set_thread_area01 set_thread_area01
1392	set_thread_area02	set_thread_area02 set_thread_area02
1400	setfsgid01_16	setfsgid01_16 setfsgid01_16
1402	setfsgid02_16	setfsgid02_16 setfsgid02_16
1404	setfsgid03_16	setfsgid03_16 setfsgid03_16
1407	setfsuid01_16	setfsuid01_16 setfsuid01_16
1409	setfsuid02_16	setfsuid02_16 setfsuid02_16
1411	setfsuid03_16	setfsuid03_16 setfsuid03_16
1413	setfsuid04_16	setfsuid04_16 setfsuid04_16
1416	setgid01_16	setgid01_16 setgid01_16
1418	setgid02_16	setgid02_16 setgid02_16
1420	setgid03_16	setgid03_16 setgid03_16
1425	sgetmask01	sgetmask01 sgetmask01
1428	setgroups01_16	setgroups01_16 setgroups01_16
1430	setgroups02_16	setgroups02_16 setgroups02_16
1432	setgroups03_16	setgroups03_16 setgroups03_16
1455	setregid01_16	setregid01_16 setregid01_16
1457	setregid02_16	setregid02_16 setregid02_16
1459	setregid03_16	setregid03_16 setregid03_16
1461	setregid04_16	setregid04_16 setregid04_16
1464	setresgid01_16	setresgid01_16 setresgid01_16
1466	setresgid02_16	setresgid02_16 setresgid02_16
1468	setresgid03_16	setresgid03_16 setresgid03_16
1470	setresgid04_16	setresgid04_16 setresgid04_16
1473	setresuid01_16	setresuid01_16 setresuid01_16
1475	setresuid02_16	setresuid02_16 setresuid02_16
1477	setresuid03_16	setresuid03_16 setresuid03_16
1479	setresuid04_16	setresuid04_16 setresuid04_16
1481	setresuid05_16	setresuid05_16 setresuid05_16
1484	setreuid01_16	setreuid01_16 setreuid01_16
1486	setreuid02_16	setreuid02_16 setreuid02_16
1488	setreuid03_16	setreuid03_16 setreuid03_16
1490	setreuid04_16	setreuid04_16 setreuid04_16
1492	setreuid05_16	setreuid05_16 setreuid05_16
1494	setreuid06_16	setreuid06_16 setreuid06_16
1496	setreuid07_16	setreuid07_16 setreuid07_16
1522	setuid01_16	setuid01_16 setuid01_16
1524	setuid03_16	setuid03_16 setuid03_16
1526	setuid04_16	setuid04_16 setuid04_16
1535	shmat04	shmat04 shmat04
1542	shmctl06	shmctl06 shmctl06
1572	signal06	signal06 signal06
1597	socketcall01	socketcall01 socketcall01
1598	socketcall02	socketcall02 socketcall02
1599	socketcall03	socketcall03 socketcall03
1613	splice08	splice08 splice08
1614	splice09	splice09 splice09
1619	ssetmask01	ssetmask01 ssetmask01
1630	statmount01	statmount01 statmount01
1631	statmount02	statmount02 statmount02
1632	statmount03	statmount03 statmount03
1633	statmount04	statmount04 statmount04
1634	statmount05	statmount05 statmount05
1635	statmount06	statmount06 statmount06
1636	statmount07	statmount07 statmount07
1637	statmount08	statmount08 statmount08
1638	statmount09	statmount09 statmount09
1663	switch01	switch01 endian_switch01
1684	sysctl01	sysctl01 sysctl01
1685	sysctl03	sysctl03 sysctl03
1686	sysctl04	sysctl04 sysctl04
1688	sysfs01	sysfs01 sysfs01
1689	sysfs02	sysfs02 sysfs02
1690	sysfs03	sysfs03 sysfs03
1691	sysfs04	sysfs04 sysfs04
1692	sysfs05	sysfs05 sysfs05
1782	userfaultfd02	userfaultfd02 userfaultfd02
1785	userfaultfd05	userfaultfd05 userfaultfd05
1788	ustat01	ustat01 ustat01
1789	ustat02	ustat02 ustat02
1856	writev03	writev03 writev03
1895	statx07	statx07 statx07
1909	perf_event_open03	perf_event_open03 perf_event_open03
