2	abort01	abort01 abort01
4	accept01	accept01 accept01
5	accept02	accept02 accept02
6	accept03	accept03 accept03
8	accept4_01	accept4_01 accept4_01
10	access01	access01 access01
11	access02	access02 access02
12	access03	access03 access03
13	access04	access04 access04
15	acct01	acct01 acct01
16	acct02	acct02 acct02
18	add_key01	add_key01 add_key01
19	add_key02	add_key02 add_key02
20	add_key03	add_key03 add_key03
21	add_key04	add_key04 add_key04
22	add_key05	add_key05 add_key05
24	adjtimex01	adjtimex01 adjtimex01
25	adjtimex02	adjtimex02 adjtimex02
26	adjtimex03	adjtimex03 adjtimex03
28	alarm02	alarm02 alarm02
29	alarm03	alarm03 alarm03
30	alarm05	alarm05 alarm05
31	alarm06	alarm06 alarm06
32	alarm07	alarm07 alarm07
36	bind01	bind01 bind01
37	bind02	bind02 bind02
38	bind03	bind03 bind03
39	bind04	bind04 bind04
40	bind05	bind05 bind05
41	bind06	bind06 bind06
43	bpf_map01	bpf_map01 bpf_map01
44	bpf_prog01	bpf_prog01 bpf_prog01
45	bpf_prog02	bpf_prog02 bpf_prog02
46	bpf_prog03	bpf_prog03 bpf_prog03
47	bpf_prog04	bpf_prog04 bpf_prog04
48	bpf_prog05	bpf_prog05 bpf_prog05
49	bpf_prog06	bpf_prog06 bpf_prog06
50	bpf_prog07	bpf_prog07 bpf_prog07
52	brk01	brk01 brk01
53	brk02	brk02 brk02
55	capget01	capget01 capget01
56	capget02	capget02 capget02
58	capset01	capset01 capset01
59	capset02	capset02 capset02
60	capset03	capset03 capset03
61	capset04	capset04 capset04
65	cachestat01	cachestat01 cachestat01
66	cachestat02	cachestat02 cachestat02
67	cachestat03	cachestat03 cachestat03
68	cachestat04	cachestat04 cachestat04
70	chdir01	chdir01 chdir01
71	chdir02	chdir02 chdir02
72	chdir04	chdir04 chdir04
74	chmod01	chmod01 chmod01
75	chmod03	chmod03 chmod03
76	chmod05	chmod05 chmod05
77	chmod06	chmod06 chmod06
78	chmod07	chmod07 chmod07
79	chmod08	chmod08 chmod08
80	chmod09	chmod09 chmod09
82	chown01	chown01 chown01
84	chown02	chown02 chown02
86	chown03	chown03 chown03
88	chown04	chown04 chown04
90	chown05	chown05 chown05
93	chroot01	chroot01 chroot01
94	chroot02	chroot02 chroot02
95	chroot03	chroot03 chroot03
96	chroot04	chroot04 chroot04
98	clock_adjtime01	clock_adjtime01 clock_adjtime01
99	clock_adjtime02	clock_adjtime02 clock_adjtime02
101	clock_getres01	clock_getres01 clock_getres01
102	clock_nanosleep01	clock_nanosleep01 clock_nanosleep01
103	clock_nanosleep02	clock_nanosleep02 clock_nanosleep02
104	clock_nanosleep03	clock_nanosleep03 clock_nanosleep03
105	clock_nanosleep04	clock_nanosleep04 clock_nanosleep04
107	clock_gettime01	clock_gettime01 clock_gettime01
108	clock_gettime02	clock_gettime02 clock_gettime02
109	clock_gettime03	clock_gettime03 clock_gettime03
110	clock_gettime04	clock_gettime04 clock_gettime04
111	leapsec01	leapsec01 leapsec01
113	clock_settime01	clock_settime01 clock_settime01
114	clock_settime02	clock_settime02 clock_settime02
115	clock_settime03	clock_settime03 clock_settime03
116	clock_settime04	clock_settime04 clock_settime04
118	clone01	clone01 clone01
119	clone02	clone02 clone02
120	clone03	clone03 clone03
121	clone04	clone04 clone04
122	clone05	clone05 clone05
123	clone06	clone06 clone06
124	clone07	clone07 clone07
125	clone08	clone08 clone08
126	clone09	clone09 clone09
128	clone11	clone11 clone11
130	clone301	clone301 clone301
131	clone302	clone302 clone302
132	clone303	clone303 clone303
133	clone304	clone304 clone304
135	close01	close01 close01
136	close02	close02 close02
138	close_range01	close_range01 close_range01
139	close_range02	close_range02 close_range02
141	confstr01	confstr01 confstr01
143	connect01	connect01 connect01
144	connect02	connect02 connect02
146	creat01	creat01 creat01
147	creat03	creat03 creat03
148	creat04	creat04 creat04
149	creat05	creat05 creat05
150	creat06	creat06 creat06
151	creat07	creat07 creat07
152	creat08	creat08 creat08
153	creat09	creat09 creat09
155	delete_module01	delete_module01 delete_module01
156	delete_module02	delete_module02 delete_module02
157	delete_module03	delete_module03 delete_module03
159	dup01	dup01 dup01
160	dup02	dup02 dup02
161	dup03	dup03 dup03
162	dup04	dup04 dup04
163	dup05	dup05 dup05
164	dup06	dup06 dup06
165	dup07	dup07 dup07
167	dup201	dup201 dup201
168	dup202	dup202 dup202
169	dup203	dup203 dup203
170	dup204	dup204 dup204
171	dup205	dup205 dup205
172	dup206	dup206 dup206
173	dup207	dup207 dup207
175	dup3_01	dup3_01 dup3_01
176	dup3_02	dup3_02 dup3_02
178	epoll_create01	epoll_create01 epoll_create01
179	epoll_create02	epoll_create02 epoll_create02
180	epoll_create1_01	epoll_create1_01 epoll_create1_01
181	epoll_create1_02	epoll_create1_02 epoll_create1_02
182	epoll01	epoll01 epoll-ltp
183	epoll_ctl01	epoll_ctl01 epoll_ctl01
184	epoll_ctl02	epoll_ctl02 epoll_ctl02
185	epoll_ctl03	epoll_ctl03 epoll_ctl03
186	epoll_ctl04	epoll_ctl04 epoll_ctl04
187	epoll_ctl05	epoll_ctl05 epoll_ctl05
188	epoll_wait01	epoll_wait01 epoll_wait01
189	epoll_wait02	epoll_wait02 epoll_wait02
190	epoll_wait03	epoll_wait03 epoll_wait03
191	epoll_wait04	epoll_wait04 epoll_wait04
192	epoll_wait05	epoll_wait05 epoll_wait05
193	epoll_wait06	epoll_wait06 epoll_wait06
194	epoll_wait07	epoll_wait07 epoll_wait07
195	epoll_pwait01	epoll_pwait01 epoll_pwait01
196	epoll_pwait02	epoll_pwait02 epoll_pwait02
197	epoll_pwait03	epoll_pwait03 epoll_pwait03
198	epoll_pwait04	epoll_pwait04 epoll_pwait04
199	epoll_pwait05	epoll_pwait05 epoll_pwait05
200	epoll_pwait06	epoll_pwait06 epoll_pwait06
202	eventfd01	eventfd01 eventfd01
203	eventfd02	eventfd02 eventfd02
204	eventfd03	eventfd03 eventfd03
205	eventfd04	eventfd04 eventfd04
206	eventfd05	eventfd05 eventfd05
207	eventfd06	eventfd06 eventfd06
209	eventfd2_01	eventfd2_01 eventfd2_01
210	eventfd2_02	eventfd2_02 eventfd2_02
211	eventfd2_03	eventfd2_03 eventfd2_03
213	execl01	execl01 execl01
214	execle01	execle01 execle01
215	execlp01	execlp01 execlp01
217	execv01	execv01 execv01
218	execve01	execve01 execve01
219	execve02	execve02 execve02
220	execve03	execve03 execve03
221	execve04	execve04 execve04
222	execve05	execve05 execve05 -i 5 -n 32
223	execve06	execve06 execve06
224	execvp01	execvp01 execvp01
225	execveat01	execveat01 execveat01
226	execveat02	execveat02 execveat02
227	execveat03	execveat03 execveat03
229	exit01	exit01 exit01
230	exit02	exit02 exit02
232	exit_group01	exit_group01 exit_group01
235	faccessat01	faccessat01 faccessat01
236	faccessat02	faccessat02 faccessat02
239	faccessat201	faccessat201 faccessat201
240	faccessat202	faccessat202 faccessat202
243	fallocate01	fallocate01 fallocate01
244	fallocate02	fallocate02 fallocate02
245	fallocate03	fallocate03 fallocate03
246	fallocate04	fallocate04 fallocate04
247	fallocate05	fallocate05 fallocate05
248	fallocate06	fallocate06 fallocate06
250	fsetxattr01	fsetxattr01 fsetxattr01
251	fsetxattr02	fsetxattr02 fsetxattr02
260	posix_fadvise01	posix_fadvise01                      posix_fadvise01
261	posix_fadvise01_64	posix_fadvise01_64                posix_fadvise01_64
262	posix_fadvise02	posix_fadvise02                      posix_fadvise02
263	posix_fadvise02_64	posix_fadvise02_64                posix_fadvise02_64
264	posix_fadvise03	posix_fadvise03                      posix_fadvise03
265	posix_fadvise03_64	posix_fadvise03_64                posix_fadvise03_64
266	posix_fadvise04	posix_fadvise04                      posix_fadvise04
267	posix_fadvise04_64	posix_fadvise04_64                posix_fadvise04_64
269	fchdir01	fchdir01 fchdir01
270	fchdir02	fchdir02 fchdir02
271	fchdir03	fchdir03 fchdir03
273	fchmod01	fchmod01 fchmod01
274	fchmod02	fchmod02 fchmod02
275	fchmod03	fchmod03 fchmod03
276	fchmod04	fchmod04 fchmod04
277	fchmod05	fchmod05 fchmod05
278	fchmod06	fchmod06 fchmod06
281	fchmodat01	fchmodat01 fchmodat01
282	fchmodat02	fchmodat02 fchmodat02
284	fchmodat2_01	fchmodat2_01 fchmodat2_01
285	fchmodat2_02	fchmodat2_02 fchmodat2_02
287	fchown01	fchown01 fchown01
289	fchown02	fchown02 fchown02
291	fchown03	fchown03 fchown03
293	fchown04	fchown04 fchown04
295	fchown05	fchown05 fchown05
299	fchownat01	fchownat01 fchownat01
300	fchownat02	fchownat02 fchownat02
301	fchownat03	fchownat03 fchownat03
303	fcntl01	fcntl01 fcntl01
304	fcntl01_64	fcntl01_64 fcntl01_64
305	fcntl02	fcntl02 fcntl02
306	fcntl02_64	fcntl02_64 fcntl02_64
307	fcntl03	fcntl03 fcntl03
308	fcntl03_64	fcntl03_64 fcntl03_64
309	fcntl04	fcntl04 fcntl04
310	fcntl04_64	fcntl04_64 fcntl04_64
311	fcntl05	fcntl05 fcntl05
312	fcntl05_64	fcntl05_64 fcntl05_64
313	fcntl07	fcntl07 fcntl07
314	fcntl07_64	fcntl07_64 fcntl07_64
315	fcntl08	fcntl08 fcntl08
316	fcntl08_64	fcntl08_64 fcntl08_64
317	fcntl09	fcntl09 fcntl09
318	fcntl09_64	fcntl09_64 fcntl09_64
319	fcntl10	fcntl10 fcntl10
320	fcntl10_64	fcntl10_64 fcntl10_64
321	fcntl11	fcntl11 fcntl11
322	fcntl11_64	fcntl11_64 fcntl11_64
323	fcntl12	fcntl12 fcntl12
324	fcntl12_64	fcntl12_64 fcntl12_64
325	fcntl13	fcntl13 fcntl13
326	fcntl13_64	fcntl13_64 fcntl13_64
327	fcntl14	fcntl14 fcntl14
328	fcntl14_64	fcntl14_64 fcntl14_64
329	fcntl15	fcntl15 fcntl15
330	fcntl15_64	fcntl15_64 fcntl15_64
331	fcntl16	fcntl16 fcntl16
332	fcntl16_64	fcntl16_64 fcntl16_64
333	fcntl17	fcntl17 fcntl17
334	fcntl17_64	fcntl17_64 fcntl17_64
335	fcntl18	fcntl18 fcntl18
336	fcntl18_64	fcntl18_64 fcntl18_64
337	fcntl19	fcntl19 fcntl19
338	fcntl19_64	fcntl19_64 fcntl19_64
339	fcntl20	fcntl20 fcntl20
340	fcntl20_64	fcntl20_64 fcntl20_64
341	fcntl21	fcntl21 fcntl21
342	fcntl21_64	fcntl21_64 fcntl21_64
343	fcntl22	fcntl22 fcntl22
344	fcntl22_64	fcntl22_64 fcntl22_64
345	fcntl23	fcntl23 fcntl23
346	fcntl23_64	fcntl23_64 fcntl23_64
347	fcntl24	fcntl24 fcntl24
348	fcntl24_64	fcntl24_64 fcntl24_64
349	fcntl25	fcntl25 fcntl25
350	fcntl25_64	fcntl25_64 fcntl25_64
351	fcntl26	fcntl26 fcntl26
352	fcntl26_64	fcntl26_64 fcntl26_64
353	fcntl27	fcntl27 fcntl27
354	fcntl27_64	fcntl27_64 fcntl27_64
355	fcntl29	fcntl29 fcntl29
356	fcntl29_64	fcntl29_64 fcntl29_64
357	fcntl30	fcntl30 fcntl30
358	fcntl30_64	fcntl30_64 fcntl30_64
359	fcntl31	fcntl31 fcntl31
360	fcntl31_64	fcntl31_64 fcntl31_64
361	fcntl32	fcntl32 fcntl32
362	fcntl32_64	fcntl32_64 fcntl32_64
363	fcntl33	fcntl33 fcntl33
364	fcntl33_64	fcntl33_64 fcntl33_64
365	fcntl34	fcntl34 fcntl34
366	fcntl34_64	fcntl34_64 fcntl34_64
367	fcntl35	fcntl35 fcntl35
368	fcntl35_64	fcntl35_64 fcntl35_64
369	fcntl36	fcntl36 fcntl36
370	fcntl36_64	fcntl36_64 fcntl36_64
371	fcntl37	fcntl37 fcntl37
372	fcntl37_64	fcntl37_64 fcntl37_64
373	fcntl38	fcntl38 fcntl38
374	fcntl38_64	fcntl38_64 fcntl38_64
375	fcntl39	fcntl39 fcntl39
376	fcntl39_64	fcntl39_64 fcntl39_64
380	fdatasync01	fdatasync01 fdatasync01
381	fdatasync02	fdatasync02 fdatasync02
382	fdatasync03	fdatasync03 fdatasync03
384	fgetxattr01	fgetxattr01 fgetxattr01
385	fgetxattr02	fgetxattr02 fgetxattr02
386	fgetxattr03	fgetxattr03 fgetxattr03
388	finit_module01	finit_module01 finit_module01
389	finit_module02	finit_module02 finit_module02
391	flistxattr01	flistxattr01 flistxattr01
392	flistxattr02	flistxattr02 flistxattr02
393	flistxattr03	flistxattr03 flistxattr03
395	flock01	flock01 flock01
396	flock02	flock02 flock02
397	flock03	flock03 flock03
398	flock04	flock04 flock04
399	flock06	flock06 flock06
400	flock07	flock07 flock07
402	fmtmsg01	fmtmsg01 fmtmsg01
404	fork01	fork01 fork01
405	fork03	fork03 fork03
406	fork04	fork04 fork04
408	fork06	fork06 fork_procs -n 1000
409	fork07	fork07 fork07
410	fork08	fork08 fork08
411	fork09	fork09 fork09
412	fork10	fork10 fork10
413	fork11	fork11 fork_procs -n 100
414	fork13	fork13 fork13
415	fork14	fork14 fork14
417	fpathconf01	fpathconf01 fpathconf01
419	fremovexattr01	fremovexattr01 fremovexattr01
420	fremovexattr02	fremovexattr02 fremovexattr02
422	fsconfig01	fsconfig01 fsconfig01
423	fsconfig02	fsconfig02 fsconfig02
424	fsconfig03	fsconfig03 fsconfig03
426	fsmount01	fsmount01 fsmount01
427	fsmount02	fsmount02 fsmount02
429	fsopen01	fsopen01 fsopen01
430	fsopen02	fsopen02 fsopen02
432	fspick01	fspick01 fspick01
433	fspick02	fspick02 fspick02
435	fstat02	fstat02 fstat02
436	fstat02_64	fstat02_64 fstat02_64
437	fstat03	fstat03 fstat03
438	fstat03_64	fstat03_64 fstat03_64
441	fstatat01	fstatat01 fstatat01
443	fstatfs01	fstatfs01 fstatfs01
444	fstatfs01_64	fstatfs01_64 fstatfs01_64
445	fstatfs02	fstatfs02 fstatfs02
446	fstatfs02_64	fstatfs02_64 fstatfs02_64
448	fsync01	fsync01 fsync01
449	fsync02	fsync02 fsync02
450	fsync03	fsync03 fsync03
451	fsync04	fsync04 fsync04
453	ftruncate01	ftruncate01 ftruncate01
454	ftruncate01_64	ftruncate01_64 ftruncate01_64
455	ftruncate03	ftruncate03 ftruncate03
456	ftruncate03_64	ftruncate03_64 ftruncate03_64
463	getcontext01	getcontext01 getcontext01
465	getcpu01	getcpu01 getcpu01
466	getcpu02	getcpu02 getcpu02
468	getcwd01	getcwd01 getcwd01
469	getcwd02	getcwd02 getcwd02
470	getcwd03	getcwd03 getcwd03
473	getdents01	getdents01 getdents01
474	getdents02	getdents02 getdents02
476	getdomainname01	getdomainname01 getdomainname01
478	getegid01	getegid01 getegid01
479	getegid01_16	getegid01_16 getegid01_16
480	getegid02	getegid02 getegid02
481	getegid02_16	getegid02_16 getegid02_16
483	geteuid01	geteuid01 geteuid01
485	geteuid02	geteuid02 geteuid02
488	getgid01	getgid01 getgid01
490	getgid03	getgid03 getgid03
493	getgroups01	getgroups01 getgroups01
495	getgroups03	getgroups03 getgroups03
498	gethostbyname_r01	gethostbyname_r01 gethostbyname_r01
500	gethostid01	gethostid01 gethostid01
502	gethostname01	gethostname01 gethostname01
503	gethostname02	gethostname02 gethostname02
505	getitimer01	getitimer01 getitimer01
506	getitimer02	getitimer02 getitimer02
508	getpagesize01	getpagesize01 getpagesize01
510	getpeername01	getpeername01 getpeername01
512	getpgid01	getpgid01 getpgid01
513	getpgid02	getpgid02 getpgid02
515	getpgrp01	getpgrp01 getpgrp01
517	getpid01	getpid01 getpid01
518	getpid02	getpid02 getpid02
520	getppid01	getppid01 getppid01
521	getppid02	getppid02 getppid02
523	getpriority01	getpriority01 getpriority01
524	getpriority02	getpriority02 getpriority02
526	getrandom01	getrandom01 getrandom01
527	getrandom02	getrandom02 getrandom02
528	getrandom03	getrandom03 getrandom03
529	getrandom04	getrandom04 getrandom04
530	getrandom05	getrandom05 getrandom05
532	getresgid01	getresgid01 getresgid01
534	getresgid02	getresgid02 getresgid02
536	getresgid03	getresgid03 getresgid03
539	getresuid01	getresuid01 getresuid01
541	getresuid02	getresuid02 getresuid02
543	getresuid03	getresuid03 getresuid03
546	getrlimit01	getrlimit01 getrlimit01
547	getrlimit02	getrlimit02 getrlimit02
548	getrlimit03	getrlimit03 getrlimit03
550	get_mempolicy01	get_mempolicy01 get_mempolicy01
551	get_mempolicy02	get_mempolicy02 get_mempolicy02
552	get_robust_list01	get_robust_list01 get_robust_list01
554	getrusage01	getrusage01 getrusage01
555	getrusage02	getrusage02 getrusage02
556	getrusage03	getrusage03 getrusage03
557	getrusage04	getrusage04 getrusage04
559	getsid01	getsid01 getsid01
560	getsid02	getsid02 getsid02
562	getsockname01	getsockname01 getsockname01
564	getsockopt01	getsockopt01 getsockopt01
565	getsockopt02	getsockopt02 getsockopt02
567	gettid01	gettid01 gettid01
568	gettid02	gettid02 gettid02
570	gettimeofday01	gettimeofday01 gettimeofday01
571	gettimeofday02	gettimeofday02 gettimeofday02
573	getuid01	getuid01 getuid01
575	getuid03	getuid03 getuid03
578	getxattr01	getxattr01 getxattr01
579	getxattr02	getxattr02 getxattr02
580	getxattr03	getxattr03 getxattr03
581	getxattr04	getxattr04 getxattr04
582	getxattr05	getxattr05 getxattr05
584	init_module01	init_module01 init_module01
585	init_module02	init_module02 init_module02
591	ioctl01	ioctl01      ioctl01
592	ioctl02	ioctl02      test_ioctl
593	ioctl03	ioctl03      ioctl03
594	ioctl04	ioctl04      ioctl04
595	ioctl05	ioctl05      ioctl05
596	ioctl06	ioctl06      ioctl06
597	ioctl07	ioctl07      ioctl07
598	ioctl08	ioctl08      ioctl08
599	ioctl09	ioctl09      ioctl09
602	ioctl_loop01	ioctl_loop01 ioctl_loop01
603	ioctl_loop02	ioctl_loop02 ioctl_loop02
604	ioctl_loop03	ioctl_loop03 ioctl_loop03
605	ioctl_loop04	ioctl_loop04 ioctl_loop04
606	ioctl_loop05	ioctl_loop05 ioctl_loop05
607	ioctl_loop06	ioctl_loop06 ioctl_loop06
608	ioctl_loop07	ioctl_loop07 ioctl_loop07
610	ioctl_ns01	ioctl_ns01 ioctl_ns01
611	ioctl_ns02	ioctl_ns02 ioctl_ns02
612	ioctl_ns03	ioctl_ns03 ioctl_ns03
613	ioctl_ns04	ioctl_ns04 ioctl_ns04
614	ioctl_ns05	ioctl_ns05 ioctl_ns05
615	ioctl_ns06	ioctl_ns06 ioctl_ns06
616	ioctl_ns07	ioctl_ns07 ioctl_ns07
618	ioctl_sg01	ioctl_sg01 ioctl_sg01
620	ioctl_ficlone01	ioctl_ficlone01 ioctl_ficlone01
621	ioctl_ficlone02	ioctl_ficlone02 ioctl_ficlone02
622	ioctl_ficlone03	ioctl_ficlone03 ioctl_ficlone03
623	ioctl_ficlonerange01	ioctl_ficlonerange01 ioctl_ficlonerange01
624	ioctl_ficlonerange02	ioctl_ficlonerange02 ioctl_ficlonerange02
625	ioctl_fiemap01	ioctl_fiemap01 ioctl_fiemap01
636	inotify_init1_01	inotify_init1_01 inotify_init1_01
637	inotify_init1_02	inotify_init1_02 inotify_init1_02
639	inotify01	inotify01 inotify01
640	inotify02	inotify02 inotify02
641	inotify03	inotify03 inotify03
642	inotify04	inotify04 inotify04
643	inotify05	inotify05 inotify05
644	inotify06	inotify06 inotify06
645	inotify07	inotify07 inotify07
646	inotify08	inotify08 inotify08
647	inotify09	inotify09 inotify09
648	inotify10	inotify10 inotify10
649	inotify11	inotify11 inotify11
650	inotify12	inotify12 inotify12
652	fanotify01	fanotify01 fanotify01
653	fanotify02	fanotify02 fanotify02
654	fanotify03	fanotify03 fanotify03
655	fanotify04	fanotify04 fanotify04
656	fanotify05	fanotify05 fanotify05
657	fanotify06	fanotify06 fanotify06
658	fanotify07	fanotify07 fanotify07
659	fanotify08	fanotify08 fanotify08
660	fanotify09	fanotify09 fanotify09
661	fanotify10	fanotify10 fanotify10
662	fanotify11	fanotify11 fanotify11
663	fanotify12	fanotify12 fanotify12
665	fanotify14	fanotify14 fanotify14
666	fanotify15	fanotify15 fanotify15
667	fanotify16	fanotify16 fanotify16
668	fanotify17	fanotify17 fanotify17
669	fanotify18	fanotify18 fanotify18
670	fanotify19	fanotify19 fanotify19
671	fanotify20	fanotify20 fanotify20
672	fanotify21	fanotify21 fanotify21
673	fanotify22	fanotify22 fanotify22
674	fanotify23	fanotify23 fanotify23
676	fanotify25	fanotify25 fanotify25
684	ioprio_get01	ioprio_get01 ioprio_get01
685	ioprio_set01	ioprio_set01 ioprio_set01
686	ioprio_set02	ioprio_set02 ioprio_set02
687	ioprio_set03	ioprio_set03 ioprio_set03
689	io_cancel01	io_cancel01 io_cancel01
690	io_cancel02	io_cancel02 io_cancel02
691	io_destroy01	io_destroy01 io_destroy01
692	io_destroy02	io_destroy02 io_destroy02
693	io_getevents01	io_getevents01 io_getevents01
694	io_getevents02	io_getevents02 io_getevents02
696	io_pgetevents01	io_pgetevents01 io_pgetevents01
697	io_pgetevents02	io_pgetevents02 io_pgetevents02
699	io_setup01	io_setup01 io_setup01
700	io_setup02	io_setup02 io_setup02
701	io_submit01	io_submit01 io_submit01
702	io_submit02	io_submit02 io_submit02
703	io_submit03	io_submit03 io_submit03
704	io_submit04	io_submit04 io_submit04
706	keyctl01	keyctl01 keyctl01
707	keyctl02	keyctl02 keyctl02
708	keyctl03	keyctl03 keyctl03
709	keyctl04	keyctl04 keyctl04
710	keyctl05	keyctl05 keyctl05
711	keyctl06	keyctl06 keyctl06
712	keyctl07	keyctl07 keyctl07
713	keyctl08	keyctl08 keyctl08
714	keyctl09	keyctl09 keyctl09
716	kcmp01	kcmp01 kcmp01
717	kcmp02	kcmp02 kcmp02
718	kcmp03	kcmp03 kcmp03
720	kill02	kill02 kill02
721	kill03	kill03 kill03
722	kill05	kill05 kill05
723	kill06	kill06 kill06
724	kill08	kill08 kill08
725	kill10	kill10 kill10
726	kill11	kill11 kill11
727	kill12	kill12 kill12
730	landlock01	landlock01 landlock01
731	landlock02	landlock02 landlock02
732	landlock03	landlock03 landlock03
733	landlock04	landlock04 landlock04
734	landlock05	landlock05 landlock05
741	lchown01	lchown01 lchown01
742	lchown01_16	lchown01_16 lchown01_16
743	lchown02	lchown02  lchown02
744	lchown02_16	lchown02_16 lchown02_16
746	lgetxattr01	lgetxattr01 lgetxattr01
747	lgetxattr02	lgetxattr02 lgetxattr02
749	link02	link02 link02
750	link04	link04 link04
751	link05	link05 link05
752	link08	link08 link08
755	linkat01	linkat01 linkat01
756	linkat02	linkat02 linkat02
758	listen01	listen01 listen01
765	listxattr01	listxattr01 listxattr01
766	listxattr02	listxattr02 listxattr02
767	listxattr03	listxattr03 listxattr03
768	listxattr04	listxattr04 listxattr04
770	llistxattr01	llistxattr01 llistxattr01
771	llistxattr02	llistxattr02 llistxattr02
772	llistxattr03	llistxattr03 llistxattr03
774	llseek01	llseek01 llseek01
775	llseek02	llseek02 llseek02
776	llseek03	llseek03 llseek03
778	lremovexattr01	lremovexattr01 lremovexattr01
780	lseek01	lseek01 lseek01
781	lseek02	lseek02 lseek02
782	lseek07	lseek07 lseek07
783	lseek11	lseek11 lseek11
792	lstat01	lstat01 lstat01
793	lstat01_64	lstat01_64 lstat01_64
794	lstat02	lstat02 lstat02
795	lstat02_64	lstat02_64 lstat02_64
796	lstat03	lstat03 lstat03
797	lstat03_64	lstat03_64 lstat03_64
799	mallinfo02	mallinfo02 mallinfo02
801	mallinfo2_01	mallinfo2_01 mallinfo2_01
803	mallopt01	mallopt01 mallopt01
805	mbind01	mbind01 mbind01
810	memset01	memset01 memset01
811	memcmp01	memcmp01 memcmp01
812	memcpy01	memcpy01 memcpy01
814	migrate_pages01	migrate_pages01 migrate_pages01
818	mlockall01	mlockall01 mlockall01
819	mlockall02	mlockall02 mlockall02
820	mlockall03	mlockall03 mlockall03
822	mkdir02	mkdir02 mkdir02
823	mkdir03	mkdir03 mkdir03
824	mkdir04	mkdir04 mkdir04
825	mkdir05	mkdir05 mkdir05
826	mkdir09	mkdir09 mkdir09
829	mkdirat01	mkdirat01 mkdirat01
830	mkdirat02	mkdirat02 mkdirat02
832	mknod01	mknod01 mknod01
833	mknod02	mknod02 mknod02
834	mknod03	mknod03 mknod03
835	mknod04	mknod04 mknod04
836	mknod05	mknod05 mknod05
837	mknod06	mknod06 mknod06
838	mknod07	mknod07 mknod07
839	mknod08	mknod08 mknod08
840	mknod09	mknod09 mknod09
843	mknodat01	mknodat01 mknodat01
844	mknodat02	mknodat02 mknodat02
846	mlock01	mlock01 mlock01
847	mlock02	mlock02 mlock02
848	mlock03	mlock03 mlock03 -i 20
849	mlock04	mlock04 mlock04
850	mlock05	mlock05 mlock05
852	mlock201	mlock201 mlock201
853	mlock202	mlock202 mlock202
854	mlock203	mlock203 mlock203
856	mmap01	mmap01 mmap01
857	mmap02	mmap02 mmap02
858	mmap03	mmap03 mmap03
859	mmap04	mmap04 mmap04
860	mmap05	mmap05 mmap05
861	mmap06	mmap06 mmap06
862	mmap08	mmap08 mmap08
863	mmap09	mmap09 mmap09
864	mmap12	mmap12 mmap12
865	mmap13	mmap13 mmap13
866	mmap14	mmap14 mmap14
869	mmap15	mmap15 mmap15
870	mmap16	mmap16 mmap16
871	mmap17	mmap17 mmap17
872	mmap18	mmap18 mmap18
873	mmap19	mmap19 mmap19
874	mmap20	mmap20 mmap20
875	mmap21_01	mmap21_01 mmap21 -m 1
876	mmap21_02	mmap21_02 mmap21
882	mount01	mount01 mount01
883	mount02	mount02 mount02
884	mount03	mount03 mount03
885	mount04	mount04 mount04
886	mount05	mount05 mount05
887	mount06	mount06 mount06
888	mount07	mount07 mount07
891	mount_setattr01	mount_setattr01 mount_setattr01
892	mount_setattr02	mount_setattr02 mount_setattr02
894	move_mount01	move_mount01 move_mount01
895	move_mount02	move_mount02 move_mount02
896	move_mount03	move_mount03 move_mount03
910	mprotect01	mprotect01 mprotect01
911	mprotect02	mprotect02 mprotect02
912	mprotect03	mprotect03 mprotect03
913	mprotect04	mprotect04 mprotect04
914	mprotect05	mprotect05 mprotect05
918	mq_notify01	mq_notify01 mq_notify01
919	mq_notify02	mq_notify02 mq_notify02
920	mq_notify03	mq_notify03 mq_notify03
921	mq_open01	mq_open01 mq_open01
922	mq_timedreceive01	mq_timedreceive01 mq_timedreceive01
923	mq_timedsend01	mq_timedsend01 mq_timedsend01
924	mq_unlink01	mq_unlink01 mq_unlink01
926	mremap01	mremap01 mremap01
927	mremap02	mremap02 mremap02
928	mremap03	mremap03 mremap03
929	mremap04	mremap04 mremap04
930	mremap05	mremap05 mremap05
931	mremap06	mremap06 mremap06
932	mremap07	mremap07 mremap07
937	msgctl01	msgctl01 msgctl01
938	msgctl02	msgctl02 msgctl02
939	msgctl03	msgctl03 msgctl03
940	msgctl04	msgctl04 msgctl04
942	msgctl06	msgctl06 msgctl06
943	msgctl12	msgctl12 msgctl12
945	msgstress01	msgstress01 msgstress01
947	msgget01	msgget01 msgget01
948	msgget02	msgget02 msgget02
949	msgget03	msgget03 msgget03
950	msgget04	msgget04 msgget04
951	msgget05	msgget05 msgget05
953	msgrcv01	msgrcv01 msgrcv01
954	msgrcv02	msgrcv02 msgrcv02
955	msgrcv03	msgrcv03 msgrcv03
956	msgrcv05	msgrcv05 msgrcv05
957	msgrcv06	msgrcv06 msgrcv06
958	msgrcv07	msgrcv07 msgrcv07
959	msgrcv08	msgrcv08 msgrcv08
961	msgsnd01	msgsnd01 msgsnd01
962	msgsnd02	msgsnd02 msgsnd02
963	msgsnd05	msgsnd05 msgsnd05
964	msgsnd06	msgsnd06 msgsnd06
966	msync01	msync01 msync01
967	msync02	msync02 msync02
968	msync03	msync03 msync03
969	msync04	msync04 msync04
971	munlock01	munlock01 munlock01
972	munlock02	munlock02 munlock02
974	munlockall01	munlockall01 munlockall01
976	munmap01	munmap01 munmap01
977	munmap03	munmap03 munmap03
978	munmap04	munmap04 munmap04
980	nanosleep01	nanosleep01 nanosleep01
981	nanosleep02	nanosleep02 nanosleep02
982	nanosleep04	nanosleep04 nanosleep04
984	name_to_handle_at01	name_to_handle_at01 name_to_handle_at01
985	name_to_handle_at02	name_to_handle_at02 name_to_handle_at02
988	nftw01	nftw01 nftw01
989	nftw6401	nftw6401 nftw6401
991	nice01	nice01 nice01
992	nice02	nice02 nice02
993	nice03	nice03 nice03
994	nice04	nice04 nice04
995	nice05	nice05 nice05
997	open01	open01 open01
998	open02	open02 open02
999	open03	open03 open03
1000	open04	open04 open04
1001	open06	open06 open06
1002	open07	open07 open07
1003	open08	open08 open08
1004	open09	open09 open09
1005	open10	open10 open10
1006	open11	open11 open11
1007	open12	open12 open12
1008	open13	open13 open13
1009	open14	open14 open14
1010	open15	open15 open15
1012	openat01	openat01 openat01
1013	openat02	openat02 openat02
1014	openat03	openat03 openat03
1015	openat04	openat04 openat04
1017	openat201	openat201 openat201
1018	openat202	openat202 openat202
1019	openat203	openat203 openat203
1021	open_by_handle_at01	open_by_handle_at01 open_by_handle_at01
1022	open_by_handle_at02	open_by_handle_at02 open_by_handle_at02
1024	open_tree01	open_tree01 open_tree01
1025	open_tree02	open_tree02 open_tree02
1027	mincore01	mincore01 mincore01
1028	mincore02	mincore02 mincore02
1029	mincore03	mincore03 mincore03
1030	mincore04	mincore04 mincore04
1032	madvise01	madvise01 madvise01
1033	madvise02	madvise02 madvise02
1034	madvise03	madvise03 madvise03
1035	madvise05	madvise05 madvise05
1036	madvise06	madvise06 madvise06
1038	madvise08	madvise08 madvise08
1039	madvise09	madvise09 madvise09
1040	madvise10	madvise10 madvise10
1044	newuname01	newuname01 newuname01
1046	pathconf01	pathconf01 pathconf01
1047	pathconf02	pathconf02 pathconf02
1049	pause01	pause01 pause01
1050	pause02	pause02 pause02
1052	personality01	personality01 personality01
1053	personality02	personality02 personality02
1055	pidfd_getfd01	pidfd_getfd01 pidfd_getfd01
1056	pidfd_getfd02	pidfd_getfd02 pidfd_getfd02
1058	pidfd_open01	pidfd_open01 pidfd_open01
1059	pidfd_open02	pidfd_open02 pidfd_open02
1060	pidfd_open03	pidfd_open03 pidfd_open03
1061	pidfd_open04	pidfd_open04 pidfd_open04
1063	pidfd_send_signal01	pidfd_send_signal01 pidfd_send_signal01
1064	pidfd_send_signal02	pidfd_send_signal02 pidfd_send_signal02
1065	pidfd_send_signal03	pidfd_send_signal03 pidfd_send_signal03
1067	pipe01	pipe01 pipe01
1068	pipe02	pipe02 pipe02
1069	pipe03	pipe03 pipe03
1070	pipe04	pipe04 pipe04
1071	pipe05	pipe05 pipe05
1072	pipe06	pipe06 pipe06
1073	pipe07	pipe07 pipe07
1074	pipe08	pipe08 pipe08
1075	pipe09	pipe09 pipe09
1076	pipe10	pipe10 pipe10
1077	pipe11	pipe11 pipe11
1078	pipe12	pipe12 pipe12
1079	pipe13	pipe13 pipe13
1080	pipe14	pipe14 pipe14
1081	pipe15	pipe15 pipe15
1083	pipe2_01	pipe2_01 pipe2_01
1084	pipe2_02	pipe2_02 pipe2_02
1085	pipe2_04	pipe2_04 pipe2_04
1088	pipeio_1	pipeio_1 pipeio -T pipeio_1 -c 5 -s 4090 -i 100 -b -f x80
1089	pipeio_2	pipeio_2 pipeio -T pipeio_2 -c 5 -s 4090 -i 100 -f x80
1090	pipeio_3	pipeio_3 pipeio -T pipeio_3 -c 5 -s 4090 -i 100 -u -b -f x80
1091	pipeio_4	pipeio_4 pipeio -T pipeio_4 -c 5 -s 4090 -i 100 -u -f x80
1092	pipeio_5	pipeio_5 pipeio -T pipeio_5 -c 5 -s 5000 -i 10 -b -f x80
1093	pipeio_6	pipeio_6 pipeio -T pipeio_6 -c 5 -s 5000 -i 10 -b -u -f x80
1094	pipeio_7	pipeio_7 pipeio -T pipeio_7 -c 5 -s 5000 -i 10 -f x80
1095	pipeio_8	pipeio_8 pipeio -T pipeio_8 -c 5 -s 5000 -i 10 -u -f x80
1097	pivot_root01	pivot_root01 pivot_root01
1099	poll01	poll01 poll01
1100	poll02	poll02 poll02
1101	poll03	poll03 poll03
1102	poll04	poll04 poll04
1104	ppoll01	ppoll01 ppoll01
1106	prctl01	prctl01 prctl01
1107	prctl02	prctl02 prctl02
1108	prctl03	prctl03 prctl03
1109	prctl05	prctl05 prctl05
1110	prctl06	prctl06 prctl06
1111	prctl07	prctl07 prctl07
1112	prctl08	prctl08 prctl08
1113	prctl09	prctl09 prctl09
1116	pread01	pread01 pread01
1117	pread01_64	pread01_64 pread01_64
1118	pread02	pread02 pread02
1119	pread02_64	pread02_64 pread02_64
1121	preadv01	preadv01 preadv01
1122	preadv01_64	preadv01_64 preadv01_64
1123	preadv02	preadv02 preadv02
1124	preadv02_64	preadv02_64 preadv02_64
1125	preadv03	preadv03 preadv03
1126	preadv03_64	preadv03_64 preadv03_64
1128	preadv201	preadv201 preadv201
1129	preadv201_64	preadv201_64 preadv201_64
1130	preadv202	preadv202 preadv202
1131	preadv202_64	preadv202_64 preadv202_64
1132	preadv203	preadv203 preadv203
1133	preadv203_64	preadv203_64 preadv203_64
1135	profil01	profil01 profil01
1137	process_vm_readv01	process_vm_readv01 process_vm01 -r
1138	process_vm_readv02	process_vm_readv02 process_vm_readv02
1139	process_vm_readv03	process_vm_readv03 process_vm_readv03
1140	process_vm_writev01	process_vm_writev01 process_vm01
1141	process_vm_writev02	process_vm_writev02 process_vm_writev02
1143	process_madvise01	process_madvise01 process_madvise01
1145	prot_hsymlinks	prot_hsymlinks prot_hsymlinks
1146	dirtyc0w	dirtyc0w dirtyc0w
1147	dirtyc0w_shmem	dirtyc0w_shmem dirtyc0w_shmem
1148	dirtypipe	dirtypipe dirtypipe
1150	pselect01	pselect01 pselect01
1151	pselect01_64	pselect01_64 pselect01_64
1152	pselect02	pselect02 pselect02
1153	pselect02_64	pselect02_64 pselect02_64
1154	pselect03	pselect03 pselect03
1155	pselect03_64	pselect03_64 pselect03_64
1157	ptrace01	ptrace01 ptrace01
1158	ptrace02	ptrace02 ptrace02
1159	ptrace03	ptrace03 ptrace03
1161	ptrace05	ptrace05 ptrace05
1162	ptrace06	ptrace06 ptrace06
1167	ptrace11	ptrace11 ptrace11
1169	pwrite01	pwrite01 pwrite01
1170	pwrite02	pwrite02 pwrite02
1171	pwrite03	pwrite03 pwrite03
1172	pwrite04	pwrite04 pwrite04
1174	pwrite01_64	pwrite01_64 pwrite01_64
1175	pwrite02_64	pwrite02_64 pwrite02_64
1176	pwrite03_64	pwrite03_64 pwrite03_64
1177	pwrite04_64	pwrite04_64 pwrite04_64
1179	pwritev01	pwritev01 pwritev01
1180	pwritev01_64	pwritev01_64 pwritev01_64
1181	pwritev02	pwritev02 pwritev02
1182	pwritev02_64	pwritev02_64 pwritev02_64
1183	pwritev03	pwritev03 pwritev03
1184	pwritev03_64	pwritev03_64 pwritev03_64
1186	pwritev201	pwritev201 pwritev201
1187	pwritev201_64	pwritev201_64 pwritev201_64
1188	pwritev202	pwritev202 pwritev202
1189	pwritev202_64	pwritev202_64 pwritev202_64
1191	quotactl01	quotactl01 quotactl01
1192	quotactl02	quotactl02 quotactl02
1193	quotactl03	quotactl03 quotactl03
1194	quotactl04	quotactl04 quotactl04
1195	quotactl05	quotactl05 quotactl05
1196	quotactl06	quotactl06 quotactl06
1197	quotactl07	quotactl07 quotactl07
1198	quotactl08	quotactl08 quotactl08
1199	quotactl09	quotactl09 quotactl09
1201	read01	read01 read01
1202	read02	read02 read02
1203	read03	read03 read03
1204	read04	read04 read04
1206	readahead01	readahead01 readahead01
1207	readahead02	readahead02 readahead02
1209	readdir01	readdir01 readdir01
1212	readlink01	readlink01 readlink01
1213	readlink03	readlink03 readlink03
1216	readlinkat01	readlinkat01 readlinkat01
1217	readlinkat02	readlinkat02 readlinkat02
1219	readv01	readv01 readv01
1220	readv02	readv02 readv02
1222	realpath01	realpath01 realpath01
1225	reboot02	reboot02 reboot02
1227	recv01	recv01 recv01
1229	recvfrom01	recvfrom01 recvfrom01
1231	recvmsg01	recvmsg01 recvmsg01
1232	recvmsg02	recvmsg02 recvmsg02
1233	recvmsg03	recvmsg03 recvmsg03
1235	recvmmsg01	recvmmsg01 recvmmsg01
1237	remap_file_pages01	remap_file_pages01 remap_file_pages01
1238	remap_file_pages02	remap_file_pages02 remap_file_pages02
1240	removexattr01	removexattr01 removexattr01
1241	removexattr02	removexattr02 removexattr02
1243	rename01	rename01 rename01
1244	rename03	rename03 rename03
1245	rename04	rename04 rename04
1246	rename05	rename05 rename05
1247	rename06	rename06 rename06
1248	rename07	rename07 rename07
1249	rename08	rename08 rename08
1250	rename09	rename09 rename09
1251	rename10	rename10 rename10
1252	rename11	rename11 rename11
1253	rename12	rename12 rename12
1254	rename13	rename13 rename13
1255	rename14	rename14 rename14
1256	rename15	rename15 rename15
1259	renameat01	renameat01 renameat01
1261	renameat201	renameat201 renameat201
1262	renameat202	renameat202 renameat202 -i 10
1264	request_key01	request_key01 request_key01
1265	request_key02	request_key02 request_key02
1266	request_key03	request_key03 request_key03
1267	request_key04	request_key04 request_key04
1268	request_key05	request_key05 request_key05
1269	request_key06	request_key06 request_key06
1271	rmdir01	rmdir01 rmdir01
1272	rmdir02	rmdir02 rmdir02
1273	rmdir03	rmdir03 rmdir03
1275	rt_sigaction01	rt_sigaction01 rt_sigaction01
1276	rt_sigaction02	rt_sigaction02 rt_sigaction02
1277	rt_sigaction03	rt_sigaction03 rt_sigaction03
1278	rt_sigprocmask01	rt_sigprocmask01 rt_sigprocmask01
1279	rt_sigprocmask02	rt_sigprocmask02 rt_sigprocmask02
1280	rt_sigqueueinfo01	rt_sigqueueinfo01 rt_sigqueueinfo01
1281	rt_sigqueueinfo02	rt_sigqueueinfo02 rt_sigqueueinfo02
1282	rt_sigsuspend01	rt_sigsuspend01 rt_sigsuspend01
1283	rt_sigtimedwait01	rt_sigtimedwait01 rt_sigtimedwait01
1284	rt_tgsigqueueinfo01	rt_tgsigqueueinfo01 rt_tgsigqueueinfo01
1286	sbrk01	sbrk01 sbrk01
1287	sbrk02	sbrk02 sbrk02
1290	sched_get_priority_max01	sched_get_priority_max01 sched_get_priority_max01
1291	sched_get_priority_max02	sched_get_priority_max02 sched_get_priority_max02
1293	sched_get_priority_min01	sched_get_priority_min01 sched_get_priority_min01
1294	sched_get_priority_min02	sched_get_priority_min02 sched_get_priority_min02
1296	sched_getparam01	sched_getparam01 sched_getparam01
1297	sched_getparam03	sched_getparam03 sched_getparam03
1299	sched_rr_get_interval01	sched_rr_get_interval01 sched_rr_get_interval01
1300	sched_rr_get_interval02	sched_rr_get_interval02 sched_rr_get_interval02
1301	sched_rr_get_interval03	sched_rr_get_interval03 sched_rr_get_interval03
1303	sched_setparam01	sched_setparam01 sched_setparam01
1304	sched_setparam02	sched_setparam02 sched_setparam02
1305	sched_setparam03	sched_setparam03 sched_setparam03
1306	sched_setparam04	sched_setparam04 sched_setparam04
1307	sched_setparam05	sched_setparam05 sched_setparam05
1309	sched_getscheduler01	sched_getscheduler01 sched_getscheduler01
1310	sched_getscheduler02	sched_getscheduler02 sched_getscheduler02
1312	sched_setscheduler01	sched_setscheduler01 sched_setscheduler01
1313	sched_setscheduler02	sched_setscheduler02 sched_setscheduler02
1314	sched_setscheduler03	sched_setscheduler03 sched_setscheduler03
1315	sched_setscheduler04	sched_setscheduler04 sched_setscheduler04
1317	sched_yield01	sched_yield01 sched_yield01
1319	sched_setaffinity01	sched_setaffinity01 sched_setaffinity01
1320	sched_getaffinity01	sched_getaffinity01 sched_getaffinity01
1322	sched_setattr01	sched_setattr01 sched_setattr01
1323	sched_getattr01	sched_getattr01 sched_getattr01
1324	sched_getattr02	sched_getattr02 sched_getattr02
1326	seccomp01	seccomp01 seccomp01
1328	select01	select01 select01
1329	select02	select02 select02
1330	select03	select03 select03
1331	select04	select04 select04
1333	semctl01	semctl01 semctl01
1334	semctl02	semctl02 semctl02
1335	semctl03	semctl03 semctl03
1336	semctl04	semctl04 semctl04
1337	semctl05	semctl05 semctl05
1338	semctl06	semctl06 semctl06
1339	semctl07	semctl07 semctl07
1341	semctl09	semctl09 semctl09
1343	semget01	semget01 semget01
1344	semget02	semget02 semget02
1345	semget05	semget05 semget05
1347	semop01	semop01 semop01
1348	semop02	semop02 semop02
1349	semop03	semop03 semop03
1350	semop04	semop04 semop04
1351	semop05	semop05 semop05
1353	send01	send01 send01
1354	send02	send02 send02
1356	sendfile02	sendfile02 sendfile02
1357	sendfile02_64	sendfile02_64 sendfile02_64
1358	sendfile03	sendfile03 sendfile03
1359	sendfile03_64	sendfile03_64 sendfile03_64
1360	sendfile04	sendfile04 sendfile04
1361	sendfile04_64	sendfile04_64 sendfile04_64
1362	sendfile05	sendfile05 sendfile05
1363	sendfile05_64	sendfile05_64 sendfile05_64
1364	sendfile06	sendfile06 sendfile06
1365	sendfile06_64	sendfile06_64 sendfile06_64
1366	sendfile07	sendfile07 sendfile07
1367	sendfile07_64	sendfile07_64 sendfile07_64
1368	sendfile08	sendfile08 sendfile08
1369	sendfile08_64	sendfile08_64 sendfile08_64
1370	sendfile09	sendfile09 sendfile09
1371	sendfile09_64	sendfile09_64 sendfile09_64
1374	sendmsg01	sendmsg01 sendmsg01
1375	sendmsg02	sendmsg02 sendmsg02
1376	sendmsg03	sendmsg03 sendmsg03
1378	sendmmsg01	sendmmsg01 sendmmsg01
1379	sendmmsg02	sendmmsg02 sendmmsg02
1381	sendto01	sendto01 sendto01
1382	sendto02	sendto02 sendto02
1383	sendto03	sendto03 sendto03
1390	set_robust_list01	set_robust_list01 set_robust_list01
1393	set_tid_address01	set_tid_address01 set_tid_address01
1395	setdomainname01	setdomainname01
1396	setdomainname02	setdomainname02
1397	setdomainname03	setdomainname03
1399	setfsgid01	setfsgid01 setfsgid01
1401	setfsgid02	setfsgid02 setfsgid02
1403	setfsgid03	setfsgid03 setfsgid03
1406	setfsuid01	setfsuid01 setfsuid01
1408	setfsuid02	setfsuid02 setfsuid02
1410	setfsuid03	setfsuid03 setfsuid03
1412	setfsuid04	setfsuid04 setfsuid04
1415	setgid01	setgid01 setgid01
1417	setgid02	setgid02 setgid02
1419	setgid03	setgid03 setgid03
1422	setegid01	setegid01 setegid01
1423	setegid02	setegid02 setegid02
1427	setgroups01	setgroups01 setgroups01
1429	setgroups02	setgroups02 setgroups02
1431	setgroups03	setgroups03 setgroups03
1434	sethostname01	sethostname01 sethostname01
1435	sethostname02	sethostname02 sethostname02
1436	sethostname03	sethostname03 sethostname03
1438	setitimer01	setitimer01 setitimer01
1439	setitimer02	setitimer02 setitimer02
1441	setns01	setns01 setns01
1442	setns02	setns02 setns02
1444	setpgid01	setpgid01 setpgid01
1445	setpgid02	setpgid02 setpgid02
1446	setpgid03	setpgid03 setpgid03
1448	setpgrp01	setpgrp01 setpgrp01
1449	setpgrp02	setpgrp02 setpgrp02
1451	setpriority01	setpriority01 setpriority01
1452	setpriority02	setpriority02 setpriority02
1454	setregid01	setregid01 setregid01
1456	setregid02	setregid02 setregid02
1458	setregid03	setregid03 setregid03
1460	setregid04	setregid04 setregid04
1463	setresgid01	setresgid01 setresgid01
1465	setresgid02	setresgid02 setresgid02
1467	setresgid03	setresgid03 setresgid03
1469	setresgid04	setresgid04 setresgid04
1472	setresuid01	setresuid01 setresuid01
1474	setresuid02	setresuid02 setresuid02
1476	setresuid03	setresuid03 setresuid03
1478	setresuid04	setresuid04 setresuid04
1480	setresuid05	setresuid05 setresuid05
1483	setreuid01	setreuid01 setreuid01
1485	setreuid02	setreuid02 setreuid02
1487	setreuid03	setreuid03 setreuid03
1489	setreuid04	setreuid04 setreuid04
1491	setreuid05	setreuid05 setreuid05
1493	setreuid06	setreuid06 setreuid06
1495	setreuid07	setreuid07 setreuid07
1498	setrlimit01	setrlimit01 setrlimit01
1499	setrlimit02	setrlimit02 setrlimit02
1500	setrlimit03	setrlimit03 setrlimit03
1501	setrlimit04	setrlimit04 setrlimit04
1502	setrlimit05	setrlimit05 setrlimit05
1503	setrlimit06	setrlimit06 setrlimit06
1505	setsid01	setsid01 setsid01
1507	setsockopt01	setsockopt01 setsockopt01
1508	setsockopt02	setsockopt02 setsockopt02
1509	setsockopt03	setsockopt03 setsockopt03
1510	setsockopt04	setsockopt04 setsockopt04
1511	setsockopt05	setsockopt05 setsockopt05
1512	setsockopt06	setsockopt06 setsockopt06
1513	setsockopt07	setsockopt07 setsockopt07
1514	setsockopt08	setsockopt08 setsockopt08
1515	setsockopt09	setsockopt09 setsockopt09
1516	setsockopt10	setsockopt10 setsockopt10
1518	settimeofday01	settimeofday01 settimeofday01
1519	settimeofday02	settimeofday02 settimeofday02
1521	setuid01	setuid01 setuid01
1523	setuid03	setuid03 setuid03
1525	setuid04	setuid04 setuid04
1528	setxattr01	setxattr01 setxattr01
1529	setxattr02	setxattr02 setxattr02
1530	setxattr03	setxattr03 setxattr03
1532	shmat01	shmat01 shmat01
1533	shmat02	shmat02 shmat02
1534	shmat03	shmat03 shmat03
1537	shmctl01	shmctl01 shmctl01
1538	shmctl02	shmctl02 shmctl02
1539	shmctl03	shmctl03 shmctl03
1540	shmctl04	shmctl04 shmctl04
1541	shmctl05	shmctl05 shmctl05
1543	shmctl07	shmctl07 shmctl07
1544	shmctl08	shmctl08 shmctl08
1546	shmdt01	shmdt01 shmdt01
1547	shmdt02	shmdt02 shmdt02
1549	shmget02	shmget02 shmget02
1550	shmget03	shmget03 shmget03
1551	shmget04	shmget04 shmget04
1552	shmget05	shmget05 shmget05
1553	shmget06	shmget06 shmget06
1555	shutdown01	shutdown01 shutdown01
1556	shutdown02	shutdown02 shutdown02
1558	sigaction01	sigaction01 sigaction01
1559	sigaction02	sigaction02 sigaction02
1561	sigaltstack01	sigaltstack01 sigaltstack01
1562	sigaltstack02	sigaltstack02 sigaltstack02
1565	sighold02	sighold02 sighold02
1567	signal01	signal01 signal01
1568	signal02	signal02 signal02
1569	signal03	signal03 signal03
1570	signal04	signal04 signal04
1571	signal05	signal05 signal05
1574	signalfd01	signalfd01 signalfd01
1575	signalfd02	signalfd02 signalfd02
1577	signalfd4_01	signalfd4_01 signalfd4_01
1578	signalfd4_02	signalfd4_02 signalfd4_02
1580	sigpending02	sigpending02 sigpending02
1582	sigprocmask01	sigprocmask01 sigprocmask01
1584	sigrelse01	sigrelse01 sigrelse01
1586	sigsuspend01	sigsuspend01 sigsuspend01
1587	sigsuspend02	sigsuspend02 sigsuspend02
1589	sigtimedwait01	sigtimedwait01 sigtimedwait01
1591	sigwait01	sigwait01 sigwait01
1592	sigwaitinfo01	sigwaitinfo01 sigwaitinfo01
1594	socket01	socket01 socket01
1595	socket02	socket02 socket02
1601	socketpair01	socketpair01 socketpair01
1602	socketpair02	socketpair02 socketpair02
1604	sockioctl01	sockioctl01 sockioctl01
1606	splice01	splice01 splice01
1607	splice02	splice02 splice02
1608	splice03	splice03 splice03
1609	splice04	splice04 splice04
1610	splice05	splice05 splice05
1611	splice06	splice06 splice06
1612	splice07	splice07 splice07
1616	tee01	tee01 tee01
1617	tee02	tee02 tee02
1621	stat01	stat01 stat01
1622	stat01_64	stat01_64 stat01_64
1623	stat02	stat02 stat02
1624	stat02_64	stat02_64 stat02_64
1625	stat03	stat03 stat03
1626	stat03_64	stat03_64 stat03_64
1627	stat04	stat04 stat04
1628	stat04_64	stat04_64 stat04_64
1640	statfs01	statfs01 statfs01
1641	statfs01_64	statfs01_64 statfs01_64
1642	statfs02	statfs02 statfs02
1643	statfs02_64	statfs02_64 statfs02_64
1644	statfs03	statfs03 statfs03
1645	statfs03_64	statfs03_64 statfs03_64
1647	statvfs01	statvfs01 statvfs01
1648	statvfs02	statvfs02 statvfs02
1650	stime01	stime01 stime01
1651	stime02	stime02 stime02
1653	string01	string01 string01
1655	swapoff01	swapoff01 swapoff01
1656	swapoff02	swapoff02 swapoff02
1658	swapon01	swapon01 swapon01
1659	swapon02	swapon02 swapon02
1660	swapon03	swapon03 swapon03
1665	symlink02	symlink02 symlink02
1666	symlink03	symlink03 symlink03
1667	symlink04	symlink04 symlink04
1670	symlinkat01	symlinkat01 symlinkat01
1672	sync01	sync01 sync01
1674	syncfs01	syncfs01 syncfs01
1677	sync_file_range01	sync_file_range01 sync_file_range01
1678	sync_file_range02	sync_file_range02 sync_file_range02
1680	syscall01	syscall01 syscall01
1682	sysconf01	sysconf01 sysconf01
1694	sysinfo01	sysinfo01 sysinfo01
1695	sysinfo02	sysinfo02 sysinfo02
1696	sysinfo03	sysinfo03 sysinfo03
1698	syslog11	syslog11 syslog11
1699	syslog12	syslog12 syslog12
1701	tgkill01	tgkill01 tgkill01
1702	tgkill02	tgkill02 tgkill02
1703	tgkill03	tgkill03 tgkill03
1705	time01	time01 time01
1707	times01	times01 times01
1708	times03	times03 times03
1712	timerfd01	timerfd01 timerfd01
1713	timerfd02	timerfd02 timerfd02
1714	timerfd04	timerfd04 timerfd04
1715	timerfd_create01	timerfd_create01 timerfd_create01
1716	timerfd_gettime01	timerfd_gettime01 timerfd_gettime01
1717	timerfd_settime01	timerfd_settime01 timerfd_settime01
1718	timerfd_settime02	timerfd_settime02 timerfd_settime02
1720	timer_create01	timer_create01 timer_create01
1721	timer_create02	timer_create02 timer_create02
1722	timer_create03	timer_create03 timer_create03
1724	timer_delete01	timer_delete01 timer_delete01
1725	timer_delete02	timer_delete02 timer_delete02
1727	timer_getoverrun01	timer_getoverrun01 timer_getoverrun01
1728	timer_gettime01	timer_gettime01 timer_gettime01
1730	timer_settime01	timer_settime01 timer_settime01
1731	timer_settime02	timer_settime02 timer_settime02
1732	timer_settime03	timer_settime03 timer_settime03
1734	tkill01	tkill01 tkill01
1735	tkill02	tkill02 tkill02
1737	truncate02	truncate02 truncate02
1738	truncate02_64	truncate02_64 truncate02_64
1739	truncate03	truncate03 truncate03
1740	truncate03_64	truncate03_64 truncate03_64
1746	ulimit01	ulimit01 ulimit01
1748	umask01	umask01 umask01
1750	uname01	uname01 uname01
1751	uname02	uname02 uname02
1752	uname04	uname04 uname04
1754	unlink05	unlink05 unlink05
1755	unlink07	unlink07 unlink07
1756	unlink08	unlink08 unlink08
1757	unlink09	unlink09 unlink09
1758	unlink10	unlink10 unlink10
1761	unlinkat01	unlinkat01 unlinkat01
1763	unshare01	unshare01 unshare01
1764	unshare02	unshare02 unshare02
1765	unshare03	unshare03 unshare03
1766	unshare04	unshare04 unshare04
1767	unshare05	unshare05 unshare05
1774	umount01	umount01 umount01
1775	umount02	umount02 umount02
1776	umount03	umount03 umount03
1778	umount2_01	umount2_01 umount2_01
1779	umount2_02	umount2_02 umount2_02
1781	userfaultfd01	userfaultfd01 userfaultfd01
1783	userfaultfd03	userfaultfd03 userfaultfd03
1784	userfaultfd04	userfaultfd04 userfaultfd04
1786	userfaultfd06	userfaultfd06 userfaultfd06
1791	utime01	utime01 utime01
1792	utime02	utime02 utime02
1793	utime03	utime03 utime03
1794	utime04	utime04 utime04
1795	utime05	utime05 utime05
1796	utime06	utime06 utime06
1797	utime07	utime07 utime07
1799	utimes01	utimes01 utimes01
1802	utimensat01	utimensat01 utimensat01
1804	vfork01	vfork01 vfork01
1805	vfork02	vfork02 vfork02
1807	vhangup01	vhangup01 vhangup01
1808	vhangup02	vhangup02 vhangup02
1811	vmsplice01	vmsplice01 vmsplice01
1812	vmsplice02	vmsplice02 vmsplice02
1813	vmsplice03	vmsplice03 vmsplice03
1814	vmsplice04	vmsplice04 vmsplice04
1816	wait01	wait01 wait01
1817	wait02	wait02 wait02
1819	wait401	wait401 wait401
1820	wait402	wait402 wait402
1821	wait403	wait403 wait403
1823	waitpid01	waitpid01 waitpid01
1824	waitpid03	waitpid03 waitpid03
1825	waitpid04	waitpid04 waitpid04
1826	waitpid06	waitpid06 waitpid06
1827	waitpid07	waitpid07 waitpid07
1828	waitpid08	waitpid08 waitpid08
1829	waitpid09	waitpid09 waitpid09
1830	waitpid10	waitpid10 waitpid10
1831	waitpid11	waitpid11 waitpid11
1832	waitpid12	waitpid12 waitpid12
1833	waitpid13	waitpid13 waitpid13
1835	waitid01	waitid01 waitid01
1836	waitid02	waitid02 waitid02
1837	waitid03	waitid03 waitid03
1838	waitid04	waitid04 waitid04
1839	waitid05	waitid05 waitid05
1840	waitid06	waitid06 waitid06
1841	waitid07	waitid07 waitid07
1842	waitid08	waitid08 waitid08
1843	waitid09	waitid09 waitid09
1844	waitid10	waitid10 waitid10
1845	waitid11	waitid11 waitid11
1847	write01	write01 write01
1848	write02	write02 write02
1849	write03	write03 write03
1850	write04	write04 write04
1851	write05	write05 write05
1852	write06	write06 write06
1854	writev01	writev01 writev01
1855	writev02	writev02 writev02
1857	writev05	writev05 writev05
1858	writev06	writev06 writev06
1859	writev07	writev07 writev07
1861	perf_event_open01	perf_event_open01 perf_event_open01
1862	perf_event_open02	perf_event_open02 perf_event_open02
1864	futex_cmp_requeue01	futex_cmp_requeue01 futex_cmp_requeue01
1865	futex_cmp_requeue02	futex_cmp_requeue02 futex_cmp_requeue02
1866	futex_wait01	futex_wait01 futex_wait01
1867	futex_wait02	futex_wait02 futex_wait02
1868	futex_wait03	futex_wait03 futex_wait03
1869	futex_wait04	futex_wait04 futex_wait04
1870	futex_wait05	futex_wait05 futex_wait05
1871	futex_waitv01	futex_waitv01 futex_waitv01
1872	futex_waitv02	futex_waitv02 futex_waitv02
1873	futex_waitv03	futex_waitv03 futex_waitv03
1874	futex_wake01	futex_wake01 futex_wake01
1875	futex_wake02	futex_wake02 futex_wake02
1876	futex_wake03	futex_wake03 futex_wake03
1877	futex_wake04	futex_wake04 futex_wake04
1878	futex_wait_bitset01	futex_wait_bitset01 futex_wait_bitset01
1880	memfd_create01	memfd_create01 memfd_create01
1881	memfd_create02	memfd_create02 memfd_create02
1882	memfd_create03	memfd_create03 memfd_create03
1883	memfd_create04	memfd_create04 memfd_create04
1885	copy_file_range01	copy_file_range01 copy_file_range01
1886	copy_file_range02	copy_file_range02 copy_file_range02
1887	copy_file_range03	copy_file_range03 copy_file_range03
1889	statx01	statx01 statx01
1890	statx02	statx02 statx02
1891	statx03	statx03 statx03
1892	statx04	statx04 statx04
1893	statx05	statx05 statx05
1894	statx06	statx06 statx06
1896	statx08	statx08 statx08
1897	statx09	statx09 statx09
1898	statx10	statx10 statx10
1899	statx11	statx11 statx11
1900	statx12	statx12 statx12
1902	membarrier01	membarrier01 membarrier01
1904	io_uring01	io_uring01 io_uring01
1905	io_uring02	io_uring02 io_uring02
1906	io_uring03	io_uring03 io_uring03
